"","dataset","matrix_name","alignment_path","topology","constraint_tree","ID","siteprofile_output_dir","mkdir","pb_chain1","pb_chain2","tracecomp","tracecomp_rename","readpb_chain1","readpb_chain2","pb_siteprofile_file_chain1","pb_siteprofile_file_chain2","convert_siteprofiles_chain1","convert_siteprofiles_chain2","sitefreqs_chain1","sitefreqs_chain2"
"1","Borowiec2015","Best108","Borowiec2015.Best108.aa.alignment.phy","CTEN","Borowiec2015.Best108.LG_C60.ML_H1.treefile","Borowiec2015.Best108.PMSF_Phylobayes_CAT-POISSON.CTEN","/mnt/data/dayhoff/home/u5348329/metazoan-mixtures/CAT_PMSF/01_CAT-PMSF_profiles/Borowiec2015/","mkdir -p /mnt/data/dayhoff/home/u5348329/metazoan-mixtures/CAT_PMSF/01_CAT-PMSF_profiles/Borowiec2015/","/mnt/data/dayhoff/home/u5348329/metazoan-mixtures/phylobayes/phylobayes-4.1e/data/pb -s /mnt/data/dayhoff/home/u5348329/metazoan-mixtures/data_all/Borowiec2015.Best108.aa.alignment.phy -T /mnt/data/dayhoff/home/u5348329/metazoan-mixtures/hypothesis_trees/CXX/Borowiec2015.Best108.LG_C60.ML_H1.treefile -cat -poisson Borowiec2015.Best108.PMSF_Phylobayes_CAT-POISSON.CTEN.chain1","/mnt/data/dayhoff/home/u5348329/metazoan-mixtures/phylobayes/phylobayes-4.1e/data/pb -s /mnt/data/dayhoff/home/u5348329/metazoan-mixtures/data_all/Borowiec2015.Best108.aa.alignment.phy -T /mnt/data/dayhoff/home/u5348329/metazoan-mixtures/hypothesis_trees/CXX/Borowiec2015.Best108.LG_C60.ML_H1.treefile -cat -poisson Borowiec2015.Best108.PMSF_Phylobayes_CAT-POISSON.CTEN.chain2","/mnt/data/dayhoff/home/u5348329/metazoan-mixtures/phylobayes/phylobayes-4.1e/data/tracecomp -x 500 /mnt/data/dayhoff/home/u5348329/metazoan-mixtures/CAT_PMSF/01_CAT-PMSF_profiles/Borowiec2015/Borowiec2015.Best108.PMSF_Phylobayes_CAT-POISSON.CTEN.chain1 /mnt/data/dayhoff/home/u5348329/metazoan-mixtures/CAT_PMSF/01_CAT-PMSF_profiles/Borowiec2015/Borowiec2015.Best108.PMSF_Phylobayes_CAT-POISSON.CTEN.chain2","mv /mnt/data/dayhoff/home/u5348329/metazoan-mixtures/CAT_PMSF/01_CAT-PMSF_profiles/Borowiec2015/tracecomp.contdiff /mnt/data/dayhoff/home/u5348329/metazoan-mixtures/CAT_PMSF/01_CAT-PMSF_profiles/Borowiec2015/Borowiec2015.Best108.PMSF_Phylobayes_CAT-POISSON.CTEN.tracecomp.contdiff","/mnt/data/dayhoff/home/u5348329/metazoan-mixtures/phylobayes/phylobayes-4.1e/data/readpb -ss -x 500 10 /mnt/data/dayhoff/home/u5348329/metazoan-mixtures/CAT_PMSF/01_CAT-PMSF_profiles/Borowiec2015/Borowiec2015.Best108.PMSF_Phylobayes_CAT-POISSON.CTEN.chain1","/mnt/data/dayhoff/home/u5348329/metazoan-mixtures/phylobayes/phylobayes-4.1e/data/readpb -ss -x 500 10 /mnt/data/dayhoff/home/u5348329/metazoan-mixtures/CAT_PMSF/01_CAT-PMSF_profiles/Borowiec2015/Borowiec2015.Best108.PMSF_Phylobayes_CAT-POISSON.CTEN.chain2","Borowiec2015.Best108.PMSF_Phylobayes_CAT-POISSON.CTEN.chain1.siteprofiles","Borowiec2015.Best108.PMSF_Phylobayes_CAT-POISSON.CTEN.chain2.siteprofiles","python3 /mnt/data/dayhoff/home/u5348329/metazoan-mixtures/drenal_cat-pmsf-paper/scripts/convert-site-dists.py /mnt/data/dayhoff/home/u5348329/metazoan-mixtures/CAT_PMSF/01_CAT-PMSF_profiles/Borowiec2015/Borowiec2015.Best108.PMSF_Phylobayes_CAT-POISSON.CTEN.chain1.siteprofiles","python3 /mnt/data/dayhoff/home/u5348329/metazoan-mixtures/drenal_cat-pmsf-paper/scripts/convert-site-dists.py /mnt/data/dayhoff/home/u5348329/metazoan-mixtures/CAT_PMSF/01_CAT-PMSF_profiles/Borowiec2015/Borowiec2015.Best108.PMSF_Phylobayes_CAT-POISSON.CTEN.chain2.siteprofiles","Borowiec2015.Best108.PMSF_Phylobayes_CAT-POISSON.CTEN.chain1.sitefreq","Borowiec2015.Best108.PMSF_Phylobayes_CAT-POISSON.CTEN.chain2.sitefreq"
"2","Borowiec2015","Best108","Borowiec2015.Best108.aa.alignment.phy","PORI","Borowiec2015.Best108.LG_C60.ML_H2.treefile","Borowiec2015.Best108.PMSF_Phylobayes_CAT-POISSON.PORI","/mnt/data/dayhoff/home/u5348329/metazoan-mixtures/CAT_PMSF/01_CAT-PMSF_profiles/Borowiec2015/","mkdir -p /mnt/data/dayhoff/home/u5348329/metazoan-mixtures/CAT_PMSF/01_CAT-PMSF_profiles/Borowiec2015/","/mnt/data/dayhoff/home/u5348329/metazoan-mixtures/phylobayes/phylobayes-4.1e/data/pb -s /mnt/data/dayhoff/home/u5348329/metazoan-mixtures/data_all/Borowiec2015.Best108.aa.alignment.phy -T /mnt/data/dayhoff/home/u5348329/metazoan-mixtures/hypothesis_trees/CXX/Borowiec2015.Best108.LG_C60.ML_H2.treefile -cat -poisson Borowiec2015.Best108.PMSF_Phylobayes_CAT-POISSON.PORI.chain1","/mnt/data/dayhoff/home/u5348329/metazoan-mixtures/phylobayes/phylobayes-4.1e/data/pb -s /mnt/data/dayhoff/home/u5348329/metazoan-mixtures/data_all/Borowiec2015.Best108.aa.alignment.phy -T /mnt/data/dayhoff/home/u5348329/metazoan-mixtures/hypothesis_trees/CXX/Borowiec2015.Best108.LG_C60.ML_H2.treefile -cat -poisson Borowiec2015.Best108.PMSF_Phylobayes_CAT-POISSON.PORI.chain2","/mnt/data/dayhoff/home/u5348329/metazoan-mixtures/phylobayes/phylobayes-4.1e/data/tracecomp -x 500 /mnt/data/dayhoff/home/u5348329/metazoan-mixtures/CAT_PMSF/01_CAT-PMSF_profiles/Borowiec2015/Borowiec2015.Best108.PMSF_Phylobayes_CAT-POISSON.PORI.chain1 /mnt/data/dayhoff/home/u5348329/metazoan-mixtures/CAT_PMSF/01_CAT-PMSF_profiles/Borowiec2015/Borowiec2015.Best108.PMSF_Phylobayes_CAT-POISSON.PORI.chain2","mv /mnt/data/dayhoff/home/u5348329/metazoan-mixtures/CAT_PMSF/01_CAT-PMSF_profiles/Borowiec2015/tracecomp.contdiff /mnt/data/dayhoff/home/u5348329/metazoan-mixtures/CAT_PMSF/01_CAT-PMSF_profiles/Borowiec2015/Borowiec2015.Best108.PMSF_Phylobayes_CAT-POISSON.PORI.tracecomp.contdiff","/mnt/data/dayhoff/home/u5348329/metazoan-mixtures/phylobayes/phylobayes-4.1e/data/readpb -ss -x 500 10 /mnt/data/dayhoff/home/u5348329/metazoan-mixtures/CAT_PMSF/01_CAT-PMSF_profiles/Borowiec2015/Borowiec2015.Best108.PMSF_Phylobayes_CAT-POISSON.PORI.chain1","/mnt/data/dayhoff/home/u5348329/metazoan-mixtures/phylobayes/phylobayes-4.1e/data/readpb -ss -x 500 10 /mnt/data/dayhoff/home/u5348329/metazoan-mixtures/CAT_PMSF/01_CAT-PMSF_profiles/Borowiec2015/Borowiec2015.Best108.PMSF_Phylobayes_CAT-POISSON.PORI.chain2","Borowiec2015.Best108.PMSF_Phylobayes_CAT-POISSON.PORI.chain1.siteprofiles","Borowiec2015.Best108.PMSF_Phylobayes_CAT-POISSON.PORI.chain2.siteprofiles","python3 /mnt/data/dayhoff/home/u5348329/metazoan-mixtures/drenal_cat-pmsf-paper/scripts/convert-site-dists.py /mnt/data/dayhoff/home/u5348329/metazoan-mixtures/CAT_PMSF/01_CAT-PMSF_profiles/Borowiec2015/Borowiec2015.Best108.PMSF_Phylobayes_CAT-POISSON.PORI.chain1.siteprofiles","python3 /mnt/data/dayhoff/home/u5348329/metazoan-mixtures/drenal_cat-pmsf-paper/scripts/convert-site-dists.py /mnt/data/dayhoff/home/u5348329/metazoan-mixtures/CAT_PMSF/01_CAT-PMSF_profiles/Borowiec2015/Borowiec2015.Best108.PMSF_Phylobayes_CAT-POISSON.PORI.chain2.siteprofiles","Borowiec2015.Best108.PMSF_Phylobayes_CAT-POISSON.PORI.chain1.sitefreq","Borowiec2015.Best108.PMSF_Phylobayes_CAT-POISSON.PORI.chain2.sitefreq"
"3","Chang2015","Chang_AA","Chang2015.Chang_AA.aa.alignment.phy","CTEN","Chang2015.Chang_AA.LG_C60.ML_H1.treefile","Chang2015.Chang_AA.PMSF_Phylobayes_CAT-POISSON.CTEN","/mnt/data/dayhoff/home/u5348329/metazoan-mixtures/CAT_PMSF/01_CAT-PMSF_profiles/Chang2015/","mkdir -p /mnt/data/dayhoff/home/u5348329/metazoan-mixtures/CAT_PMSF/01_CAT-PMSF_profiles/Chang2015/","/mnt/data/dayhoff/home/u5348329/metazoan-mixtures/phylobayes/phylobayes-4.1e/data/pb -s /mnt/data/dayhoff/home/u5348329/metazoan-mixtures/data_all/Chang2015.Chang_AA.aa.alignment.phy -T /mnt/data/dayhoff/home/u5348329/metazoan-mixtures/hypothesis_trees/CXX/Chang2015.Chang_AA.LG_C60.ML_H1.treefile -cat -poisson Chang2015.Chang_AA.PMSF_Phylobayes_CAT-POISSON.CTEN.chain1","/mnt/data/dayhoff/home/u5348329/metazoan-mixtures/phylobayes/phylobayes-4.1e/data/pb -s /mnt/data/dayhoff/home/u5348329/metazoan-mixtures/data_all/Chang2015.Chang_AA.aa.alignment.phy -T /mnt/data/dayhoff/home/u5348329/metazoan-mixtures/hypothesis_trees/CXX/Chang2015.Chang_AA.LG_C60.ML_H1.treefile -cat -poisson Chang2015.Chang_AA.PMSF_Phylobayes_CAT-POISSON.CTEN.chain2","/mnt/data/dayhoff/home/u5348329/metazoan-mixtures/phylobayes/phylobayes-4.1e/data/tracecomp -x 500 /mnt/data/dayhoff/home/u5348329/metazoan-mixtures/CAT_PMSF/01_CAT-PMSF_profiles/Chang2015/Chang2015.Chang_AA.PMSF_Phylobayes_CAT-POISSON.CTEN.chain1 /mnt/data/dayhoff/home/u5348329/metazoan-mixtures/CAT_PMSF/01_CAT-PMSF_profiles/Chang2015/Chang2015.Chang_AA.PMSF_Phylobayes_CAT-POISSON.CTEN.chain2","mv /mnt/data/dayhoff/home/u5348329/metazoan-mixtures/CAT_PMSF/01_CAT-PMSF_profiles/Chang2015/tracecomp.contdiff /mnt/data/dayhoff/home/u5348329/metazoan-mixtures/CAT_PMSF/01_CAT-PMSF_profiles/Chang2015/Chang2015.Chang_AA.PMSF_Phylobayes_CAT-POISSON.CTEN.tracecomp.contdiff","/mnt/data/dayhoff/home/u5348329/metazoan-mixtures/phylobayes/phylobayes-4.1e/data/readpb -ss -x 500 10 /mnt/data/dayhoff/home/u5348329/metazoan-mixtures/CAT_PMSF/01_CAT-PMSF_profiles/Chang2015/Chang2015.Chang_AA.PMSF_Phylobayes_CAT-POISSON.CTEN.chain1","/mnt/data/dayhoff/home/u5348329/metazoan-mixtures/phylobayes/phylobayes-4.1e/data/readpb -ss -x 500 10 /mnt/data/dayhoff/home/u5348329/metazoan-mixtures/CAT_PMSF/01_CAT-PMSF_profiles/Chang2015/Chang2015.Chang_AA.PMSF_Phylobayes_CAT-POISSON.CTEN.chain2","Chang2015.Chang_AA.PMSF_Phylobayes_CAT-POISSON.CTEN.chain1.siteprofiles","Chang2015.Chang_AA.PMSF_Phylobayes_CAT-POISSON.CTEN.chain2.siteprofiles","python3 /mnt/data/dayhoff/home/u5348329/metazoan-mixtures/drenal_cat-pmsf-paper/scripts/convert-site-dists.py /mnt/data/dayhoff/home/u5348329/metazoan-mixtures/CAT_PMSF/01_CAT-PMSF_profiles/Chang2015/Chang2015.Chang_AA.PMSF_Phylobayes_CAT-POISSON.CTEN.chain1.siteprofiles","python3 /mnt/data/dayhoff/home/u5348329/metazoan-mixtures/drenal_cat-pmsf-paper/scripts/convert-site-dists.py /mnt/data/dayhoff/home/u5348329/metazoan-mixtures/CAT_PMSF/01_CAT-PMSF_profiles/Chang2015/Chang2015.Chang_AA.PMSF_Phylobayes_CAT-POISSON.CTEN.chain2.siteprofiles","Chang2015.Chang_AA.PMSF_Phylobayes_CAT-POISSON.CTEN.chain1.sitefreq","Chang2015.Chang_AA.PMSF_Phylobayes_CAT-POISSON.CTEN.chain2.sitefreq"
"4","Chang2015","Chang_AA","Chang2015.Chang_AA.aa.alignment.phy","PORI","Chang2015.Chang_AA.LG_C60.ML_H2.treefile","Chang2015.Chang_AA.PMSF_Phylobayes_CAT-POISSON.PORI","/mnt/data/dayhoff/home/u5348329/metazoan-mixtures/CAT_PMSF/01_CAT-PMSF_profiles/Chang2015/","mkdir -p /mnt/data/dayhoff/home/u5348329/metazoan-mixtures/CAT_PMSF/01_CAT-PMSF_profiles/Chang2015/","/mnt/data/dayhoff/home/u5348329/metazoan-mixtures/phylobayes/phylobayes-4.1e/data/pb -s /mnt/data/dayhoff/home/u5348329/metazoan-mixtures/data_all/Chang2015.Chang_AA.aa.alignment.phy -T /mnt/data/dayhoff/home/u5348329/metazoan-mixtures/hypothesis_trees/CXX/Chang2015.Chang_AA.LG_C60.ML_H2.treefile -cat -poisson Chang2015.Chang_AA.PMSF_Phylobayes_CAT-POISSON.PORI.chain1","/mnt/data/dayhoff/home/u5348329/metazoan-mixtures/phylobayes/phylobayes-4.1e/data/pb -s /mnt/data/dayhoff/home/u5348329/metazoan-mixtures/data_all/Chang2015.Chang_AA.aa.alignment.phy -T /mnt/data/dayhoff/home/u5348329/metazoan-mixtures/hypothesis_trees/CXX/Chang2015.Chang_AA.LG_C60.ML_H2.treefile -cat -poisson Chang2015.Chang_AA.PMSF_Phylobayes_CAT-POISSON.PORI.chain2","/mnt/data/dayhoff/home/u5348329/metazoan-mixtures/phylobayes/phylobayes-4.1e/data/tracecomp -x 500 /mnt/data/dayhoff/home/u5348329/metazoan-mixtures/CAT_PMSF/01_CAT-PMSF_profiles/Chang2015/Chang2015.Chang_AA.PMSF_Phylobayes_CAT-POISSON.PORI.chain1 /mnt/data/dayhoff/home/u5348329/metazoan-mixtures/CAT_PMSF/01_CAT-PMSF_profiles/Chang2015/Chang2015.Chang_AA.PMSF_Phylobayes_CAT-POISSON.PORI.chain2","mv /mnt/data/dayhoff/home/u5348329/metazoan-mixtures/CAT_PMSF/01_CAT-PMSF_profiles/Chang2015/tracecomp.contdiff /mnt/data/dayhoff/home/u5348329/metazoan-mixtures/CAT_PMSF/01_CAT-PMSF_profiles/Chang2015/Chang2015.Chang_AA.PMSF_Phylobayes_CAT-POISSON.PORI.tracecomp.contdiff","/mnt/data/dayhoff/home/u5348329/metazoan-mixtures/phylobayes/phylobayes-4.1e/data/readpb -ss -x 500 10 /mnt/data/dayhoff/home/u5348329/metazoan-mixtures/CAT_PMSF/01_CAT-PMSF_profiles/Chang2015/Chang2015.Chang_AA.PMSF_Phylobayes_CAT-POISSON.PORI.chain1","/mnt/data/dayhoff/home/u5348329/metazoan-mixtures/phylobayes/phylobayes-4.1e/data/readpb -ss -x 500 10 /mnt/data/dayhoff/home/u5348329/metazoan-mixtures/CAT_PMSF/01_CAT-PMSF_profiles/Chang2015/Chang2015.Chang_AA.PMSF_Phylobayes_CAT-POISSON.PORI.chain2","Chang2015.Chang_AA.PMSF_Phylobayes_CAT-POISSON.PORI.chain1.siteprofiles","Chang2015.Chang_AA.PMSF_Phylobayes_CAT-POISSON.PORI.chain2.siteprofiles","python3 /mnt/data/dayhoff/home/u5348329/metazoan-mixtures/drenal_cat-pmsf-paper/scripts/convert-site-dists.py /mnt/data/dayhoff/home/u5348329/metazoan-mixtures/CAT_PMSF/01_CAT-PMSF_profiles/Chang2015/Chang2015.Chang_AA.PMSF_Phylobayes_CAT-POISSON.PORI.chain1.siteprofiles","python3 /mnt/data/dayhoff/home/u5348329/metazoan-mixtures/drenal_cat-pmsf-paper/scripts/convert-site-dists.py /mnt/data/dayhoff/home/u5348329/metazoan-mixtures/CAT_PMSF/01_CAT-PMSF_profiles/Chang2015/Chang2015.Chang_AA.PMSF_Phylobayes_CAT-POISSON.PORI.chain2.siteprofiles","Chang2015.Chang_AA.PMSF_Phylobayes_CAT-POISSON.PORI.chain1.sitefreq","Chang2015.Chang_AA.PMSF_Phylobayes_CAT-POISSON.PORI.chain2.sitefreq"
"5","Dunn2008","Dunn2008_FixedNames","Dunn2008.Dunn2008_FixedNames.aa.alignment.fasta","CTEN","Dunn2008.Dunn2008_FixedNames.LG_C60.ML_H1.treefile","Dunn2008.Dunn2008_FixedNames.PMSF_Phylobayes_CAT-POISSON.CTEN","/mnt/data/dayhoff/home/u5348329/metazoan-mixtures/CAT_PMSF/01_CAT-PMSF_profiles/Dunn2008/","mkdir -p /mnt/data/dayhoff/home/u5348329/metazoan-mixtures/CAT_PMSF/01_CAT-PMSF_profiles/Dunn2008/","/mnt/data/dayhoff/home/u5348329/metazoan-mixtures/phylobayes/phylobayes-4.1e/data/pb -s /mnt/data/dayhoff/home/u5348329/metazoan-mixtures/data_all/Dunn2008.Dunn2008_FixedNames.aa.alignment.fasta -T /mnt/data/dayhoff/home/u5348329/metazoan-mixtures/hypothesis_trees/CXX/Dunn2008.Dunn2008_FixedNames.LG_C60.ML_H1.treefile -cat -poisson Dunn2008.Dunn2008_FixedNames.PMSF_Phylobayes_CAT-POISSON.CTEN.chain1","/mnt/data/dayhoff/home/u5348329/metazoan-mixtures/phylobayes/phylobayes-4.1e/data/pb -s /mnt/data/dayhoff/home/u5348329/metazoan-mixtures/data_all/Dunn2008.Dunn2008_FixedNames.aa.alignment.fasta -T /mnt/data/dayhoff/home/u5348329/metazoan-mixtures/hypothesis_trees/CXX/Dunn2008.Dunn2008_FixedNames.LG_C60.ML_H1.treefile -cat -poisson Dunn2008.Dunn2008_FixedNames.PMSF_Phylobayes_CAT-POISSON.CTEN.chain2","/mnt/data/dayhoff/home/u5348329/metazoan-mixtures/phylobayes/phylobayes-4.1e/data/tracecomp -x 500 /mnt/data/dayhoff/home/u5348329/metazoan-mixtures/CAT_PMSF/01_CAT-PMSF_profiles/Dunn2008/Dunn2008.Dunn2008_FixedNames.PMSF_Phylobayes_CAT-POISSON.CTEN.chain1 /mnt/data/dayhoff/home/u5348329/metazoan-mixtures/CAT_PMSF/01_CAT-PMSF_profiles/Dunn2008/Dunn2008.Dunn2008_FixedNames.PMSF_Phylobayes_CAT-POISSON.CTEN.chain2","mv /mnt/data/dayhoff/home/u5348329/metazoan-mixtures/CAT_PMSF/01_CAT-PMSF_profiles/Dunn2008/tracecomp.contdiff /mnt/data/dayhoff/home/u5348329/metazoan-mixtures/CAT_PMSF/01_CAT-PMSF_profiles/Dunn2008/Dunn2008.Dunn2008_FixedNames.PMSF_Phylobayes_CAT-POISSON.CTEN.tracecomp.contdiff","/mnt/data/dayhoff/home/u5348329/metazoan-mixtures/phylobayes/phylobayes-4.1e/data/readpb -ss -x 500 10 /mnt/data/dayhoff/home/u5348329/metazoan-mixtures/CAT_PMSF/01_CAT-PMSF_profiles/Dunn2008/Dunn2008.Dunn2008_FixedNames.PMSF_Phylobayes_CAT-POISSON.CTEN.chain1","/mnt/data/dayhoff/home/u5348329/metazoan-mixtures/phylobayes/phylobayes-4.1e/data/readpb -ss -x 500 10 /mnt/data/dayhoff/home/u5348329/metazoan-mixtures/CAT_PMSF/01_CAT-PMSF_profiles/Dunn2008/Dunn2008.Dunn2008_FixedNames.PMSF_Phylobayes_CAT-POISSON.CTEN.chain2","Dunn2008.Dunn2008_FixedNames.PMSF_Phylobayes_CAT-POISSON.CTEN.chain1.siteprofiles","Dunn2008.Dunn2008_FixedNames.PMSF_Phylobayes_CAT-POISSON.CTEN.chain2.siteprofiles","python3 /mnt/data/dayhoff/home/u5348329/metazoan-mixtures/drenal_cat-pmsf-paper/scripts/convert-site-dists.py /mnt/data/dayhoff/home/u5348329/metazoan-mixtures/CAT_PMSF/01_CAT-PMSF_profiles/Dunn2008/Dunn2008.Dunn2008_FixedNames.PMSF_Phylobayes_CAT-POISSON.CTEN.chain1.siteprofiles","python3 /mnt/data/dayhoff/home/u5348329/metazoan-mixtures/drenal_cat-pmsf-paper/scripts/convert-site-dists.py /mnt/data/dayhoff/home/u5348329/metazoan-mixtures/CAT_PMSF/01_CAT-PMSF_profiles/Dunn2008/Dunn2008.Dunn2008_FixedNames.PMSF_Phylobayes_CAT-POISSON.CTEN.chain2.siteprofiles","Dunn2008.Dunn2008_FixedNames.PMSF_Phylobayes_CAT-POISSON.CTEN.chain1.sitefreq","Dunn2008.Dunn2008_FixedNames.PMSF_Phylobayes_CAT-POISSON.CTEN.chain2.sitefreq"
"6","Dunn2008","Dunn2008_FixedNames","Dunn2008.Dunn2008_FixedNames.aa.alignment.fasta","PORI","Dunn2008.Dunn2008_FixedNames.LG_C60.ML_H2.treefile","Dunn2008.Dunn2008_FixedNames.PMSF_Phylobayes_CAT-POISSON.PORI","/mnt/data/dayhoff/home/u5348329/metazoan-mixtures/CAT_PMSF/01_CAT-PMSF_profiles/Dunn2008/","mkdir -p /mnt/data/dayhoff/home/u5348329/metazoan-mixtures/CAT_PMSF/01_CAT-PMSF_profiles/Dunn2008/","/mnt/data/dayhoff/home/u5348329/metazoan-mixtures/phylobayes/phylobayes-4.1e/data/pb -s /mnt/data/dayhoff/home/u5348329/metazoan-mixtures/data_all/Dunn2008.Dunn2008_FixedNames.aa.alignment.fasta -T /mnt/data/dayhoff/home/u5348329/metazoan-mixtures/hypothesis_trees/CXX/Dunn2008.Dunn2008_FixedNames.LG_C60.ML_H2.treefile -cat -poisson Dunn2008.Dunn2008_FixedNames.PMSF_Phylobayes_CAT-POISSON.PORI.chain1","/mnt/data/dayhoff/home/u5348329/metazoan-mixtures/phylobayes/phylobayes-4.1e/data/pb -s /mnt/data/dayhoff/home/u5348329/metazoan-mixtures/data_all/Dunn2008.Dunn2008_FixedNames.aa.alignment.fasta -T /mnt/data/dayhoff/home/u5348329/metazoan-mixtures/hypothesis_trees/CXX/Dunn2008.Dunn2008_FixedNames.LG_C60.ML_H2.treefile -cat -poisson Dunn2008.Dunn2008_FixedNames.PMSF_Phylobayes_CAT-POISSON.PORI.chain2","/mnt/data/dayhoff/home/u5348329/metazoan-mixtures/phylobayes/phylobayes-4.1e/data/tracecomp -x 500 /mnt/data/dayhoff/home/u5348329/metazoan-mixtures/CAT_PMSF/01_CAT-PMSF_profiles/Dunn2008/Dunn2008.Dunn2008_FixedNames.PMSF_Phylobayes_CAT-POISSON.PORI.chain1 /mnt/data/dayhoff/home/u5348329/metazoan-mixtures/CAT_PMSF/01_CAT-PMSF_profiles/Dunn2008/Dunn2008.Dunn2008_FixedNames.PMSF_Phylobayes_CAT-POISSON.PORI.chain2","mv /mnt/data/dayhoff/home/u5348329/metazoan-mixtures/CAT_PMSF/01_CAT-PMSF_profiles/Dunn2008/tracecomp.contdiff /mnt/data/dayhoff/home/u5348329/metazoan-mixtures/CAT_PMSF/01_CAT-PMSF_profiles/Dunn2008/Dunn2008.Dunn2008_FixedNames.PMSF_Phylobayes_CAT-POISSON.PORI.tracecomp.contdiff","/mnt/data/dayhoff/home/u5348329/metazoan-mixtures/phylobayes/phylobayes-4.1e/data/readpb -ss -x 500 10 /mnt/data/dayhoff/home/u5348329/metazoan-mixtures/CAT_PMSF/01_CAT-PMSF_profiles/Dunn2008/Dunn2008.Dunn2008_FixedNames.PMSF_Phylobayes_CAT-POISSON.PORI.chain1","/mnt/data/dayhoff/home/u5348329/metazoan-mixtures/phylobayes/phylobayes-4.1e/data/readpb -ss -x 500 10 /mnt/data/dayhoff/home/u5348329/metazoan-mixtures/CAT_PMSF/01_CAT-PMSF_profiles/Dunn2008/Dunn2008.Dunn2008_FixedNames.PMSF_Phylobayes_CAT-POISSON.PORI.chain2","Dunn2008.Dunn2008_FixedNames.PMSF_Phylobayes_CAT-POISSON.PORI.chain1.siteprofiles","Dunn2008.Dunn2008_FixedNames.PMSF_Phylobayes_CAT-POISSON.PORI.chain2.siteprofiles","python3 /mnt/data/dayhoff/home/u5348329/metazoan-mixtures/drenal_cat-pmsf-paper/scripts/convert-site-dists.py /mnt/data/dayhoff/home/u5348329/metazoan-mixtures/CAT_PMSF/01_CAT-PMSF_profiles/Dunn2008/Dunn2008.Dunn2008_FixedNames.PMSF_Phylobayes_CAT-POISSON.PORI.chain1.siteprofiles","python3 /mnt/data/dayhoff/home/u5348329/metazoan-mixtures/drenal_cat-pmsf-paper/scripts/convert-site-dists.py /mnt/data/dayhoff/home/u5348329/metazoan-mixtures/CAT_PMSF/01_CAT-PMSF_profiles/Dunn2008/Dunn2008.Dunn2008_FixedNames.PMSF_Phylobayes_CAT-POISSON.PORI.chain2.siteprofiles","Dunn2008.Dunn2008_FixedNames.PMSF_Phylobayes_CAT-POISSON.PORI.chain1.sitefreq","Dunn2008.Dunn2008_FixedNames.PMSF_Phylobayes_CAT-POISSON.PORI.chain2.sitefreq"
"7","Laumer2018","Tplx_phylo_d1","Laumer2018.Tplx_phylo_d1.aa.alignment.phylip","CTEN","Laumer2018.Tplx_phylo_d1.LG_C20.ML_H1.treefile","Laumer2018.Tplx_phylo_d1.PMSF_Phylobayes_CAT-POISSON.CTEN","/mnt/data/dayhoff/home/u5348329/metazoan-mixtures/CAT_PMSF/01_CAT-PMSF_profiles/Laumer2018/","mkdir -p /mnt/data/dayhoff/home/u5348329/metazoan-mixtures/CAT_PMSF/01_CAT-PMSF_profiles/Laumer2018/","/mnt/data/dayhoff/home/u5348329/metazoan-mixtures/phylobayes/phylobayes-4.1e/data/pb -s /mnt/data/dayhoff/home/u5348329/metazoan-mixtures/data_all/Laumer2018.Tplx_phylo_d1.aa.alignment.phylip -T /mnt/data/dayhoff/home/u5348329/metazoan-mixtures/hypothesis_trees/CXX/Laumer2018.Tplx_phylo_d1.LG_C20.ML_H1.treefile -cat -poisson Laumer2018.Tplx_phylo_d1.PMSF_Phylobayes_CAT-POISSON.CTEN.chain1","/mnt/data/dayhoff/home/u5348329/metazoan-mixtures/phylobayes/phylobayes-4.1e/data/pb -s /mnt/data/dayhoff/home/u5348329/metazoan-mixtures/data_all/Laumer2018.Tplx_phylo_d1.aa.alignment.phylip -T /mnt/data/dayhoff/home/u5348329/metazoan-mixtures/hypothesis_trees/CXX/Laumer2018.Tplx_phylo_d1.LG_C20.ML_H1.treefile -cat -poisson Laumer2018.Tplx_phylo_d1.PMSF_Phylobayes_CAT-POISSON.CTEN.chain2","/mnt/data/dayhoff/home/u5348329/metazoan-mixtures/phylobayes/phylobayes-4.1e/data/tracecomp -x 500 /mnt/data/dayhoff/home/u5348329/metazoan-mixtures/CAT_PMSF/01_CAT-PMSF_profiles/Laumer2018/Laumer2018.Tplx_phylo_d1.PMSF_Phylobayes_CAT-POISSON.CTEN.chain1 /mnt/data/dayhoff/home/u5348329/metazoan-mixtures/CAT_PMSF/01_CAT-PMSF_profiles/Laumer2018/Laumer2018.Tplx_phylo_d1.PMSF_Phylobayes_CAT-POISSON.CTEN.chain2","mv /mnt/data/dayhoff/home/u5348329/metazoan-mixtures/CAT_PMSF/01_CAT-PMSF_profiles/Laumer2018/tracecomp.contdiff /mnt/data/dayhoff/home/u5348329/metazoan-mixtures/CAT_PMSF/01_CAT-PMSF_profiles/Laumer2018/Laumer2018.Tplx_phylo_d1.PMSF_Phylobayes_CAT-POISSON.CTEN.tracecomp.contdiff","/mnt/data/dayhoff/home/u5348329/metazoan-mixtures/phylobayes/phylobayes-4.1e/data/readpb -ss -x 500 10 /mnt/data/dayhoff/home/u5348329/metazoan-mixtures/CAT_PMSF/01_CAT-PMSF_profiles/Laumer2018/Laumer2018.Tplx_phylo_d1.PMSF_Phylobayes_CAT-POISSON.CTEN.chain1","/mnt/data/dayhoff/home/u5348329/metazoan-mixtures/phylobayes/phylobayes-4.1e/data/readpb -ss -x 500 10 /mnt/data/dayhoff/home/u5348329/metazoan-mixtures/CAT_PMSF/01_CAT-PMSF_profiles/Laumer2018/Laumer2018.Tplx_phylo_d1.PMSF_Phylobayes_CAT-POISSON.CTEN.chain2","Laumer2018.Tplx_phylo_d1.PMSF_Phylobayes_CAT-POISSON.CTEN.chain1.siteprofiles","Laumer2018.Tplx_phylo_d1.PMSF_Phylobayes_CAT-POISSON.CTEN.chain2.siteprofiles","python3 /mnt/data/dayhoff/home/u5348329/metazoan-mixtures/drenal_cat-pmsf-paper/scripts/convert-site-dists.py /mnt/data/dayhoff/home/u5348329/metazoan-mixtures/CAT_PMSF/01_CAT-PMSF_profiles/Laumer2018/Laumer2018.Tplx_phylo_d1.PMSF_Phylobayes_CAT-POISSON.CTEN.chain1.siteprofiles","python3 /mnt/data/dayhoff/home/u5348329/metazoan-mixtures/drenal_cat-pmsf-paper/scripts/convert-site-dists.py /mnt/data/dayhoff/home/u5348329/metazoan-mixtures/CAT_PMSF/01_CAT-PMSF_profiles/Laumer2018/Laumer2018.Tplx_phylo_d1.PMSF_Phylobayes_CAT-POISSON.CTEN.chain2.siteprofiles","Laumer2018.Tplx_phylo_d1.PMSF_Phylobayes_CAT-POISSON.CTEN.chain1.sitefreq","Laumer2018.Tplx_phylo_d1.PMSF_Phylobayes_CAT-POISSON.CTEN.chain2.sitefreq"
"8","Laumer2018","Tplx_phylo_d1","Laumer2018.Tplx_phylo_d1.aa.alignment.phylip","PORI","Laumer2018.Tplx_phylo_d1.LG_C20.ML_H2.treefile","Laumer2018.Tplx_phylo_d1.PMSF_Phylobayes_CAT-POISSON.PORI","/mnt/data/dayhoff/home/u5348329/metazoan-mixtures/CAT_PMSF/01_CAT-PMSF_profiles/Laumer2018/","mkdir -p /mnt/data/dayhoff/home/u5348329/metazoan-mixtures/CAT_PMSF/01_CAT-PMSF_profiles/Laumer2018/","/mnt/data/dayhoff/home/u5348329/metazoan-mixtures/phylobayes/phylobayes-4.1e/data/pb -s /mnt/data/dayhoff/home/u5348329/metazoan-mixtures/data_all/Laumer2018.Tplx_phylo_d1.aa.alignment.phylip -T /mnt/data/dayhoff/home/u5348329/metazoan-mixtures/hypothesis_trees/CXX/Laumer2018.Tplx_phylo_d1.LG_C20.ML_H2.treefile -cat -poisson Laumer2018.Tplx_phylo_d1.PMSF_Phylobayes_CAT-POISSON.PORI.chain1","/mnt/data/dayhoff/home/u5348329/metazoan-mixtures/phylobayes/phylobayes-4.1e/data/pb -s /mnt/data/dayhoff/home/u5348329/metazoan-mixtures/data_all/Laumer2018.Tplx_phylo_d1.aa.alignment.phylip -T /mnt/data/dayhoff/home/u5348329/metazoan-mixtures/hypothesis_trees/CXX/Laumer2018.Tplx_phylo_d1.LG_C20.ML_H2.treefile -cat -poisson Laumer2018.Tplx_phylo_d1.PMSF_Phylobayes_CAT-POISSON.PORI.chain2","/mnt/data/dayhoff/home/u5348329/metazoan-mixtures/phylobayes/phylobayes-4.1e/data/tracecomp -x 500 /mnt/data/dayhoff/home/u5348329/metazoan-mixtures/CAT_PMSF/01_CAT-PMSF_profiles/Laumer2018/Laumer2018.Tplx_phylo_d1.PMSF_Phylobayes_CAT-POISSON.PORI.chain1 /mnt/data/dayhoff/home/u5348329/metazoan-mixtures/CAT_PMSF/01_CAT-PMSF_profiles/Laumer2018/Laumer2018.Tplx_phylo_d1.PMSF_Phylobayes_CAT-POISSON.PORI.chain2","mv /mnt/data/dayhoff/home/u5348329/metazoan-mixtures/CAT_PMSF/01_CAT-PMSF_profiles/Laumer2018/tracecomp.contdiff /mnt/data/dayhoff/home/u5348329/metazoan-mixtures/CAT_PMSF/01_CAT-PMSF_profiles/Laumer2018/Laumer2018.Tplx_phylo_d1.PMSF_Phylobayes_CAT-POISSON.PORI.tracecomp.contdiff","/mnt/data/dayhoff/home/u5348329/metazoan-mixtures/phylobayes/phylobayes-4.1e/data/readpb -ss -x 500 10 /mnt/data/dayhoff/home/u5348329/metazoan-mixtures/CAT_PMSF/01_CAT-PMSF_profiles/Laumer2018/Laumer2018.Tplx_phylo_d1.PMSF_Phylobayes_CAT-POISSON.PORI.chain1","/mnt/data/dayhoff/home/u5348329/metazoan-mixtures/phylobayes/phylobayes-4.1e/data/readpb -ss -x 500 10 /mnt/data/dayhoff/home/u5348329/metazoan-mixtures/CAT_PMSF/01_CAT-PMSF_profiles/Laumer2018/Laumer2018.Tplx_phylo_d1.PMSF_Phylobayes_CAT-POISSON.PORI.chain2","Laumer2018.Tplx_phylo_d1.PMSF_Phylobayes_CAT-POISSON.PORI.chain1.siteprofiles","Laumer2018.Tplx_phylo_d1.PMSF_Phylobayes_CAT-POISSON.PORI.chain2.siteprofiles","python3 /mnt/data/dayhoff/home/u5348329/metazoan-mixtures/drenal_cat-pmsf-paper/scripts/convert-site-dists.py /mnt/data/dayhoff/home/u5348329/metazoan-mixtures/CAT_PMSF/01_CAT-PMSF_profiles/Laumer2018/Laumer2018.Tplx_phylo_d1.PMSF_Phylobayes_CAT-POISSON.PORI.chain1.siteprofiles","python3 /mnt/data/dayhoff/home/u5348329/metazoan-mixtures/drenal_cat-pmsf-paper/scripts/convert-site-dists.py /mnt/data/dayhoff/home/u5348329/metazoan-mixtures/CAT_PMSF/01_CAT-PMSF_profiles/Laumer2018/Laumer2018.Tplx_phylo_d1.PMSF_Phylobayes_CAT-POISSON.PORI.chain2.siteprofiles","Laumer2018.Tplx_phylo_d1.PMSF_Phylobayes_CAT-POISSON.PORI.chain1.sitefreq","Laumer2018.Tplx_phylo_d1.PMSF_Phylobayes_CAT-POISSON.PORI.chain2.sitefreq"
"9","Laumer2019","nonbilateria_MARE_BMGE","Laumer2019.nonbilateria_MARE_BMGE.aa.alignment.phylip","CTEN","Laumer2019.nonbilateria_MARE_BMGE.LG_C60.ML_H1.treefile","Laumer2019.nonbilateria_MARE_BMGE.PMSF_Phylobayes_CAT-POISSON.CTEN","/mnt/data/dayhoff/home/u5348329/metazoan-mixtures/CAT_PMSF/01_CAT-PMSF_profiles/Laumer2019/","mkdir -p /mnt/data/dayhoff/home/u5348329/metazoan-mixtures/CAT_PMSF/01_CAT-PMSF_profiles/Laumer2019/","/mnt/data/dayhoff/home/u5348329/metazoan-mixtures/phylobayes/phylobayes-4.1e/data/pb -s /mnt/data/dayhoff/home/u5348329/metazoan-mixtures/data_all/Laumer2019.nonbilateria_MARE_BMGE.aa.alignment.phylip -T /mnt/data/dayhoff/home/u5348329/metazoan-mixtures/hypothesis_trees/CXX/Laumer2019.nonbilateria_MARE_BMGE.LG_C60.ML_H1.treefile -cat -poisson Laumer2019.nonbilateria_MARE_BMGE.PMSF_Phylobayes_CAT-POISSON.CTEN.chain1","/mnt/data/dayhoff/home/u5348329/metazoan-mixtures/phylobayes/phylobayes-4.1e/data/pb -s /mnt/data/dayhoff/home/u5348329/metazoan-mixtures/data_all/Laumer2019.nonbilateria_MARE_BMGE.aa.alignment.phylip -T /mnt/data/dayhoff/home/u5348329/metazoan-mixtures/hypothesis_trees/CXX/Laumer2019.nonbilateria_MARE_BMGE.LG_C60.ML_H1.treefile -cat -poisson Laumer2019.nonbilateria_MARE_BMGE.PMSF_Phylobayes_CAT-POISSON.CTEN.chain2","/mnt/data/dayhoff/home/u5348329/metazoan-mixtures/phylobayes/phylobayes-4.1e/data/tracecomp -x 500 /mnt/data/dayhoff/home/u5348329/metazoan-mixtures/CAT_PMSF/01_CAT-PMSF_profiles/Laumer2019/Laumer2019.nonbilateria_MARE_BMGE.PMSF_Phylobayes_CAT-POISSON.CTEN.chain1 /mnt/data/dayhoff/home/u5348329/metazoan-mixtures/CAT_PMSF/01_CAT-PMSF_profiles/Laumer2019/Laumer2019.nonbilateria_MARE_BMGE.PMSF_Phylobayes_CAT-POISSON.CTEN.chain2","mv /mnt/data/dayhoff/home/u5348329/metazoan-mixtures/CAT_PMSF/01_CAT-PMSF_profiles/Laumer2019/tracecomp.contdiff /mnt/data/dayhoff/home/u5348329/metazoan-mixtures/CAT_PMSF/01_CAT-PMSF_profiles/Laumer2019/Laumer2019.nonbilateria_MARE_BMGE.PMSF_Phylobayes_CAT-POISSON.CTEN.tracecomp.contdiff","/mnt/data/dayhoff/home/u5348329/metazoan-mixtures/phylobayes/phylobayes-4.1e/data/readpb -ss -x 500 10 /mnt/data/dayhoff/home/u5348329/metazoan-mixtures/CAT_PMSF/01_CAT-PMSF_profiles/Laumer2019/Laumer2019.nonbilateria_MARE_BMGE.PMSF_Phylobayes_CAT-POISSON.CTEN.chain1","/mnt/data/dayhoff/home/u5348329/metazoan-mixtures/phylobayes/phylobayes-4.1e/data/readpb -ss -x 500 10 /mnt/data/dayhoff/home/u5348329/metazoan-mixtures/CAT_PMSF/01_CAT-PMSF_profiles/Laumer2019/Laumer2019.nonbilateria_MARE_BMGE.PMSF_Phylobayes_CAT-POISSON.CTEN.chain2","Laumer2019.nonbilateria_MARE_BMGE.PMSF_Phylobayes_CAT-POISSON.CTEN.chain1.siteprofiles","Laumer2019.nonbilateria_MARE_BMGE.PMSF_Phylobayes_CAT-POISSON.CTEN.chain2.siteprofiles","python3 /mnt/data/dayhoff/home/u5348329/metazoan-mixtures/drenal_cat-pmsf-paper/scripts/convert-site-dists.py /mnt/data/dayhoff/home/u5348329/metazoan-mixtures/CAT_PMSF/01_CAT-PMSF_profiles/Laumer2019/Laumer2019.nonbilateria_MARE_BMGE.PMSF_Phylobayes_CAT-POISSON.CTEN.chain1.siteprofiles","python3 /mnt/data/dayhoff/home/u5348329/metazoan-mixtures/drenal_cat-pmsf-paper/scripts/convert-site-dists.py /mnt/data/dayhoff/home/u5348329/metazoan-mixtures/CAT_PMSF/01_CAT-PMSF_profiles/Laumer2019/Laumer2019.nonbilateria_MARE_BMGE.PMSF_Phylobayes_CAT-POISSON.CTEN.chain2.siteprofiles","Laumer2019.nonbilateria_MARE_BMGE.PMSF_Phylobayes_CAT-POISSON.CTEN.chain1.sitefreq","Laumer2019.nonbilateria_MARE_BMGE.PMSF_Phylobayes_CAT-POISSON.CTEN.chain2.sitefreq"
"10","Laumer2019","nonbilateria_MARE_BMGE","Laumer2019.nonbilateria_MARE_BMGE.aa.alignment.phylip","PORI","Laumer2019.nonbilateria_MARE_BMGE.LG_C60.ML_H2.treefile","Laumer2019.nonbilateria_MARE_BMGE.PMSF_Phylobayes_CAT-POISSON.PORI","/mnt/data/dayhoff/home/u5348329/metazoan-mixtures/CAT_PMSF/01_CAT-PMSF_profiles/Laumer2019/","mkdir -p /mnt/data/dayhoff/home/u5348329/metazoan-mixtures/CAT_PMSF/01_CAT-PMSF_profiles/Laumer2019/","/mnt/data/dayhoff/home/u5348329/metazoan-mixtures/phylobayes/phylobayes-4.1e/data/pb -s /mnt/data/dayhoff/home/u5348329/metazoan-mixtures/data_all/Laumer2019.nonbilateria_MARE_BMGE.aa.alignment.phylip -T /mnt/data/dayhoff/home/u5348329/metazoan-mixtures/hypothesis_trees/CXX/Laumer2019.nonbilateria_MARE_BMGE.LG_C60.ML_H2.treefile -cat -poisson Laumer2019.nonbilateria_MARE_BMGE.PMSF_Phylobayes_CAT-POISSON.PORI.chain1","/mnt/data/dayhoff/home/u5348329/metazoan-mixtures/phylobayes/phylobayes-4.1e/data/pb -s /mnt/data/dayhoff/home/u5348329/metazoan-mixtures/data_all/Laumer2019.nonbilateria_MARE_BMGE.aa.alignment.phylip -T /mnt/data/dayhoff/home/u5348329/metazoan-mixtures/hypothesis_trees/CXX/Laumer2019.nonbilateria_MARE_BMGE.LG_C60.ML_H2.treefile -cat -poisson Laumer2019.nonbilateria_MARE_BMGE.PMSF_Phylobayes_CAT-POISSON.PORI.chain2","/mnt/data/dayhoff/home/u5348329/metazoan-mixtures/phylobayes/phylobayes-4.1e/data/tracecomp -x 500 /mnt/data/dayhoff/home/u5348329/metazoan-mixtures/CAT_PMSF/01_CAT-PMSF_profiles/Laumer2019/Laumer2019.nonbilateria_MARE_BMGE.PMSF_Phylobayes_CAT-POISSON.PORI.chain1 /mnt/data/dayhoff/home/u5348329/metazoan-mixtures/CAT_PMSF/01_CAT-PMSF_profiles/Laumer2019/Laumer2019.nonbilateria_MARE_BMGE.PMSF_Phylobayes_CAT-POISSON.PORI.chain2","mv /mnt/data/dayhoff/home/u5348329/metazoan-mixtures/CAT_PMSF/01_CAT-PMSF_profiles/Laumer2019/tracecomp.contdiff /mnt/data/dayhoff/home/u5348329/metazoan-mixtures/CAT_PMSF/01_CAT-PMSF_profiles/Laumer2019/Laumer2019.nonbilateria_MARE_BMGE.PMSF_Phylobayes_CAT-POISSON.PORI.tracecomp.contdiff","/mnt/data/dayhoff/home/u5348329/metazoan-mixtures/phylobayes/phylobayes-4.1e/data/readpb -ss -x 500 10 /mnt/data/dayhoff/home/u5348329/metazoan-mixtures/CAT_PMSF/01_CAT-PMSF_profiles/Laumer2019/Laumer2019.nonbilateria_MARE_BMGE.PMSF_Phylobayes_CAT-POISSON.PORI.chain1","/mnt/data/dayhoff/home/u5348329/metazoan-mixtures/phylobayes/phylobayes-4.1e/data/readpb -ss -x 500 10 /mnt/data/dayhoff/home/u5348329/metazoan-mixtures/CAT_PMSF/01_CAT-PMSF_profiles/Laumer2019/Laumer2019.nonbilateria_MARE_BMGE.PMSF_Phylobayes_CAT-POISSON.PORI.chain2","Laumer2019.nonbilateria_MARE_BMGE.PMSF_Phylobayes_CAT-POISSON.PORI.chain1.siteprofiles","Laumer2019.nonbilateria_MARE_BMGE.PMSF_Phylobayes_CAT-POISSON.PORI.chain2.siteprofiles","python3 /mnt/data/dayhoff/home/u5348329/metazoan-mixtures/drenal_cat-pmsf-paper/scripts/convert-site-dists.py /mnt/data/dayhoff/home/u5348329/metazoan-mixtures/CAT_PMSF/01_CAT-PMSF_profiles/Laumer2019/Laumer2019.nonbilateria_MARE_BMGE.PMSF_Phylobayes_CAT-POISSON.PORI.chain1.siteprofiles","python3 /mnt/data/dayhoff/home/u5348329/metazoan-mixtures/drenal_cat-pmsf-paper/scripts/convert-site-dists.py /mnt/data/dayhoff/home/u5348329/metazoan-mixtures/CAT_PMSF/01_CAT-PMSF_profiles/Laumer2019/Laumer2019.nonbilateria_MARE_BMGE.PMSF_Phylobayes_CAT-POISSON.PORI.chain2.siteprofiles","Laumer2019.nonbilateria_MARE_BMGE.PMSF_Phylobayes_CAT-POISSON.PORI.chain1.sitefreq","Laumer2019.nonbilateria_MARE_BMGE.PMSF_Phylobayes_CAT-POISSON.PORI.chain2.sitefreq"
"11","Moroz2014","ED3d","Moroz2014.ED3d.aa.alignment.phy","CTEN","Moroz2014.ED3d.LG_C60.ML_H1.treefile","Moroz2014.ED3d.PMSF_Phylobayes_CAT-POISSON.CTEN","/mnt/data/dayhoff/home/u5348329/metazoan-mixtures/CAT_PMSF/01_CAT-PMSF_profiles/Moroz2014/","mkdir -p /mnt/data/dayhoff/home/u5348329/metazoan-mixtures/CAT_PMSF/01_CAT-PMSF_profiles/Moroz2014/","/mnt/data/dayhoff/home/u5348329/metazoan-mixtures/phylobayes/phylobayes-4.1e/data/pb -s /mnt/data/dayhoff/home/u5348329/metazoan-mixtures/data_all/Moroz2014.ED3d.aa.alignment.phy -T /mnt/data/dayhoff/home/u5348329/metazoan-mixtures/hypothesis_trees/CXX/Moroz2014.ED3d.LG_C60.ML_H1.treefile -cat -poisson Moroz2014.ED3d.PMSF_Phylobayes_CAT-POISSON.CTEN.chain1","/mnt/data/dayhoff/home/u5348329/metazoan-mixtures/phylobayes/phylobayes-4.1e/data/pb -s /mnt/data/dayhoff/home/u5348329/metazoan-mixtures/data_all/Moroz2014.ED3d.aa.alignment.phy -T /mnt/data/dayhoff/home/u5348329/metazoan-mixtures/hypothesis_trees/CXX/Moroz2014.ED3d.LG_C60.ML_H1.treefile -cat -poisson Moroz2014.ED3d.PMSF_Phylobayes_CAT-POISSON.CTEN.chain2","/mnt/data/dayhoff/home/u5348329/metazoan-mixtures/phylobayes/phylobayes-4.1e/data/tracecomp -x 500 /mnt/data/dayhoff/home/u5348329/metazoan-mixtures/CAT_PMSF/01_CAT-PMSF_profiles/Moroz2014/Moroz2014.ED3d.PMSF_Phylobayes_CAT-POISSON.CTEN.chain1 /mnt/data/dayhoff/home/u5348329/metazoan-mixtures/CAT_PMSF/01_CAT-PMSF_profiles/Moroz2014/Moroz2014.ED3d.PMSF_Phylobayes_CAT-POISSON.CTEN.chain2","mv /mnt/data/dayhoff/home/u5348329/metazoan-mixtures/CAT_PMSF/01_CAT-PMSF_profiles/Moroz2014/tracecomp.contdiff /mnt/data/dayhoff/home/u5348329/metazoan-mixtures/CAT_PMSF/01_CAT-PMSF_profiles/Moroz2014/Moroz2014.ED3d.PMSF_Phylobayes_CAT-POISSON.CTEN.tracecomp.contdiff","/mnt/data/dayhoff/home/u5348329/metazoan-mixtures/phylobayes/phylobayes-4.1e/data/readpb -ss -x 500 10 /mnt/data/dayhoff/home/u5348329/metazoan-mixtures/CAT_PMSF/01_CAT-PMSF_profiles/Moroz2014/Moroz2014.ED3d.PMSF_Phylobayes_CAT-POISSON.CTEN.chain1","/mnt/data/dayhoff/home/u5348329/metazoan-mixtures/phylobayes/phylobayes-4.1e/data/readpb -ss -x 500 10 /mnt/data/dayhoff/home/u5348329/metazoan-mixtures/CAT_PMSF/01_CAT-PMSF_profiles/Moroz2014/Moroz2014.ED3d.PMSF_Phylobayes_CAT-POISSON.CTEN.chain2","Moroz2014.ED3d.PMSF_Phylobayes_CAT-POISSON.CTEN.chain1.siteprofiles","Moroz2014.ED3d.PMSF_Phylobayes_CAT-POISSON.CTEN.chain2.siteprofiles","python3 /mnt/data/dayhoff/home/u5348329/metazoan-mixtures/drenal_cat-pmsf-paper/scripts/convert-site-dists.py /mnt/data/dayhoff/home/u5348329/metazoan-mixtures/CAT_PMSF/01_CAT-PMSF_profiles/Moroz2014/Moroz2014.ED3d.PMSF_Phylobayes_CAT-POISSON.CTEN.chain1.siteprofiles","python3 /mnt/data/dayhoff/home/u5348329/metazoan-mixtures/drenal_cat-pmsf-paper/scripts/convert-site-dists.py /mnt/data/dayhoff/home/u5348329/metazoan-mixtures/CAT_PMSF/01_CAT-PMSF_profiles/Moroz2014/Moroz2014.ED3d.PMSF_Phylobayes_CAT-POISSON.CTEN.chain2.siteprofiles","Moroz2014.ED3d.PMSF_Phylobayes_CAT-POISSON.CTEN.chain1.sitefreq","Moroz2014.ED3d.PMSF_Phylobayes_CAT-POISSON.CTEN.chain2.sitefreq"
"12","Moroz2014","ED3d","Moroz2014.ED3d.aa.alignment.phy","PORI","Moroz2014.ED3d.LG_C60.ML_H2.treefile","Moroz2014.ED3d.PMSF_Phylobayes_CAT-POISSON.PORI","/mnt/data/dayhoff/home/u5348329/metazoan-mixtures/CAT_PMSF/01_CAT-PMSF_profiles/Moroz2014/","mkdir -p /mnt/data/dayhoff/home/u5348329/metazoan-mixtures/CAT_PMSF/01_CAT-PMSF_profiles/Moroz2014/","/mnt/data/dayhoff/home/u5348329/metazoan-mixtures/phylobayes/phylobayes-4.1e/data/pb -s /mnt/data/dayhoff/home/u5348329/metazoan-mixtures/data_all/Moroz2014.ED3d.aa.alignment.phy -T /mnt/data/dayhoff/home/u5348329/metazoan-mixtures/hypothesis_trees/CXX/Moroz2014.ED3d.LG_C60.ML_H2.treefile -cat -poisson Moroz2014.ED3d.PMSF_Phylobayes_CAT-POISSON.PORI.chain1","/mnt/data/dayhoff/home/u5348329/metazoan-mixtures/phylobayes/phylobayes-4.1e/data/pb -s /mnt/data/dayhoff/home/u5348329/metazoan-mixtures/data_all/Moroz2014.ED3d.aa.alignment.phy -T /mnt/data/dayhoff/home/u5348329/metazoan-mixtures/hypothesis_trees/CXX/Moroz2014.ED3d.LG_C60.ML_H2.treefile -cat -poisson Moroz2014.ED3d.PMSF_Phylobayes_CAT-POISSON.PORI.chain2","/mnt/data/dayhoff/home/u5348329/metazoan-mixtures/phylobayes/phylobayes-4.1e/data/tracecomp -x 500 /mnt/data/dayhoff/home/u5348329/metazoan-mixtures/CAT_PMSF/01_CAT-PMSF_profiles/Moroz2014/Moroz2014.ED3d.PMSF_Phylobayes_CAT-POISSON.PORI.chain1 /mnt/data/dayhoff/home/u5348329/metazoan-mixtures/CAT_PMSF/01_CAT-PMSF_profiles/Moroz2014/Moroz2014.ED3d.PMSF_Phylobayes_CAT-POISSON.PORI.chain2","mv /mnt/data/dayhoff/home/u5348329/metazoan-mixtures/CAT_PMSF/01_CAT-PMSF_profiles/Moroz2014/tracecomp.contdiff /mnt/data/dayhoff/home/u5348329/metazoan-mixtures/CAT_PMSF/01_CAT-PMSF_profiles/Moroz2014/Moroz2014.ED3d.PMSF_Phylobayes_CAT-POISSON.PORI.tracecomp.contdiff","/mnt/data/dayhoff/home/u5348329/metazoan-mixtures/phylobayes/phylobayes-4.1e/data/readpb -ss -x 500 10 /mnt/data/dayhoff/home/u5348329/metazoan-mixtures/CAT_PMSF/01_CAT-PMSF_profiles/Moroz2014/Moroz2014.ED3d.PMSF_Phylobayes_CAT-POISSON.PORI.chain1","/mnt/data/dayhoff/home/u5348329/metazoan-mixtures/phylobayes/phylobayes-4.1e/data/readpb -ss -x 500 10 /mnt/data/dayhoff/home/u5348329/metazoan-mixtures/CAT_PMSF/01_CAT-PMSF_profiles/Moroz2014/Moroz2014.ED3d.PMSF_Phylobayes_CAT-POISSON.PORI.chain2","Moroz2014.ED3d.PMSF_Phylobayes_CAT-POISSON.PORI.chain1.siteprofiles","Moroz2014.ED3d.PMSF_Phylobayes_CAT-POISSON.PORI.chain2.siteprofiles","python3 /mnt/data/dayhoff/home/u5348329/metazoan-mixtures/drenal_cat-pmsf-paper/scripts/convert-site-dists.py /mnt/data/dayhoff/home/u5348329/metazoan-mixtures/CAT_PMSF/01_CAT-PMSF_profiles/Moroz2014/Moroz2014.ED3d.PMSF_Phylobayes_CAT-POISSON.PORI.chain1.siteprofiles","python3 /mnt/data/dayhoff/home/u5348329/metazoan-mixtures/drenal_cat-pmsf-paper/scripts/convert-site-dists.py /mnt/data/dayhoff/home/u5348329/metazoan-mixtures/CAT_PMSF/01_CAT-PMSF_profiles/Moroz2014/Moroz2014.ED3d.PMSF_Phylobayes_CAT-POISSON.PORI.chain2.siteprofiles","Moroz2014.ED3d.PMSF_Phylobayes_CAT-POISSON.PORI.chain1.sitefreq","Moroz2014.ED3d.PMSF_Phylobayes_CAT-POISSON.PORI.chain2.sitefreq"
"13","Nosenko2013","nonribosomal_9187_smatrix","Nosenko2013.nonribosomal_9187_smatrix.aa.alignment.phy","CTEN","Nosenko2013.nonribosomal_9187_smatrix.LG_C60.ML_H1.treefile","Nosenko2013.nonribosomal_9187_smatrix.PMSF_Phylobayes_CAT-POISSON.CTEN","/mnt/data/dayhoff/home/u5348329/metazoan-mixtures/CAT_PMSF/01_CAT-PMSF_profiles/Nosenko2013/","mkdir -p /mnt/data/dayhoff/home/u5348329/metazoan-mixtures/CAT_PMSF/01_CAT-PMSF_profiles/Nosenko2013/","/mnt/data/dayhoff/home/u5348329/metazoan-mixtures/phylobayes/phylobayes-4.1e/data/pb -s /mnt/data/dayhoff/home/u5348329/metazoan-mixtures/data_all/Nosenko2013.nonribosomal_9187_smatrix.aa.alignment.phy -T /mnt/data/dayhoff/home/u5348329/metazoan-mixtures/hypothesis_trees/CXX/Nosenko2013.nonribosomal_9187_smatrix.LG_C60.ML_H1.treefile -cat -poisson Nosenko2013.nonribosomal_9187_smatrix.PMSF_Phylobayes_CAT-POISSON.CTEN.chain1","/mnt/data/dayhoff/home/u5348329/metazoan-mixtures/phylobayes/phylobayes-4.1e/data/pb -s /mnt/data/dayhoff/home/u5348329/metazoan-mixtures/data_all/Nosenko2013.nonribosomal_9187_smatrix.aa.alignment.phy -T /mnt/data/dayhoff/home/u5348329/metazoan-mixtures/hypothesis_trees/CXX/Nosenko2013.nonribosomal_9187_smatrix.LG_C60.ML_H1.treefile -cat -poisson Nosenko2013.nonribosomal_9187_smatrix.PMSF_Phylobayes_CAT-POISSON.CTEN.chain2","/mnt/data/dayhoff/home/u5348329/metazoan-mixtures/phylobayes/phylobayes-4.1e/data/tracecomp -x 500 /mnt/data/dayhoff/home/u5348329/metazoan-mixtures/CAT_PMSF/01_CAT-PMSF_profiles/Nosenko2013/Nosenko2013.nonribosomal_9187_smatrix.PMSF_Phylobayes_CAT-POISSON.CTEN.chain1 /mnt/data/dayhoff/home/u5348329/metazoan-mixtures/CAT_PMSF/01_CAT-PMSF_profiles/Nosenko2013/Nosenko2013.nonribosomal_9187_smatrix.PMSF_Phylobayes_CAT-POISSON.CTEN.chain2","mv /mnt/data/dayhoff/home/u5348329/metazoan-mixtures/CAT_PMSF/01_CAT-PMSF_profiles/Nosenko2013/tracecomp.contdiff /mnt/data/dayhoff/home/u5348329/metazoan-mixtures/CAT_PMSF/01_CAT-PMSF_profiles/Nosenko2013/Nosenko2013.nonribosomal_9187_smatrix.PMSF_Phylobayes_CAT-POISSON.CTEN.tracecomp.contdiff","/mnt/data/dayhoff/home/u5348329/metazoan-mixtures/phylobayes/phylobayes-4.1e/data/readpb -ss -x 500 10 /mnt/data/dayhoff/home/u5348329/metazoan-mixtures/CAT_PMSF/01_CAT-PMSF_profiles/Nosenko2013/Nosenko2013.nonribosomal_9187_smatrix.PMSF_Phylobayes_CAT-POISSON.CTEN.chain1","/mnt/data/dayhoff/home/u5348329/metazoan-mixtures/phylobayes/phylobayes-4.1e/data/readpb -ss -x 500 10 /mnt/data/dayhoff/home/u5348329/metazoan-mixtures/CAT_PMSF/01_CAT-PMSF_profiles/Nosenko2013/Nosenko2013.nonribosomal_9187_smatrix.PMSF_Phylobayes_CAT-POISSON.CTEN.chain2","Nosenko2013.nonribosomal_9187_smatrix.PMSF_Phylobayes_CAT-POISSON.CTEN.chain1.siteprofiles","Nosenko2013.nonribosomal_9187_smatrix.PMSF_Phylobayes_CAT-POISSON.CTEN.chain2.siteprofiles","python3 /mnt/data/dayhoff/home/u5348329/metazoan-mixtures/drenal_cat-pmsf-paper/scripts/convert-site-dists.py /mnt/data/dayhoff/home/u5348329/metazoan-mixtures/CAT_PMSF/01_CAT-PMSF_profiles/Nosenko2013/Nosenko2013.nonribosomal_9187_smatrix.PMSF_Phylobayes_CAT-POISSON.CTEN.chain1.siteprofiles","python3 /mnt/data/dayhoff/home/u5348329/metazoan-mixtures/drenal_cat-pmsf-paper/scripts/convert-site-dists.py /mnt/data/dayhoff/home/u5348329/metazoan-mixtures/CAT_PMSF/01_CAT-PMSF_profiles/Nosenko2013/Nosenko2013.nonribosomal_9187_smatrix.PMSF_Phylobayes_CAT-POISSON.CTEN.chain2.siteprofiles","Nosenko2013.nonribosomal_9187_smatrix.PMSF_Phylobayes_CAT-POISSON.CTEN.chain1.sitefreq","Nosenko2013.nonribosomal_9187_smatrix.PMSF_Phylobayes_CAT-POISSON.CTEN.chain2.sitefreq"
"14","Nosenko2013","nonribosomal_9187_smatrix","Nosenko2013.nonribosomal_9187_smatrix.aa.alignment.phy","PORI","Nosenko2013.nonribosomal_9187_smatrix.LG_C60.ML_H2.treefile","Nosenko2013.nonribosomal_9187_smatrix.PMSF_Phylobayes_CAT-POISSON.PORI","/mnt/data/dayhoff/home/u5348329/metazoan-mixtures/CAT_PMSF/01_CAT-PMSF_profiles/Nosenko2013/","mkdir -p /mnt/data/dayhoff/home/u5348329/metazoan-mixtures/CAT_PMSF/01_CAT-PMSF_profiles/Nosenko2013/","/mnt/data/dayhoff/home/u5348329/metazoan-mixtures/phylobayes/phylobayes-4.1e/data/pb -s /mnt/data/dayhoff/home/u5348329/metazoan-mixtures/data_all/Nosenko2013.nonribosomal_9187_smatrix.aa.alignment.phy -T /mnt/data/dayhoff/home/u5348329/metazoan-mixtures/hypothesis_trees/CXX/Nosenko2013.nonribosomal_9187_smatrix.LG_C60.ML_H2.treefile -cat -poisson Nosenko2013.nonribosomal_9187_smatrix.PMSF_Phylobayes_CAT-POISSON.PORI.chain1","/mnt/data/dayhoff/home/u5348329/metazoan-mixtures/phylobayes/phylobayes-4.1e/data/pb -s /mnt/data/dayhoff/home/u5348329/metazoan-mixtures/data_all/Nosenko2013.nonribosomal_9187_smatrix.aa.alignment.phy -T /mnt/data/dayhoff/home/u5348329/metazoan-mixtures/hypothesis_trees/CXX/Nosenko2013.nonribosomal_9187_smatrix.LG_C60.ML_H2.treefile -cat -poisson Nosenko2013.nonribosomal_9187_smatrix.PMSF_Phylobayes_CAT-POISSON.PORI.chain2","/mnt/data/dayhoff/home/u5348329/metazoan-mixtures/phylobayes/phylobayes-4.1e/data/tracecomp -x 500 /mnt/data/dayhoff/home/u5348329/metazoan-mixtures/CAT_PMSF/01_CAT-PMSF_profiles/Nosenko2013/Nosenko2013.nonribosomal_9187_smatrix.PMSF_Phylobayes_CAT-POISSON.PORI.chain1 /mnt/data/dayhoff/home/u5348329/metazoan-mixtures/CAT_PMSF/01_CAT-PMSF_profiles/Nosenko2013/Nosenko2013.nonribosomal_9187_smatrix.PMSF_Phylobayes_CAT-POISSON.PORI.chain2","mv /mnt/data/dayhoff/home/u5348329/metazoan-mixtures/CAT_PMSF/01_CAT-PMSF_profiles/Nosenko2013/tracecomp.contdiff /mnt/data/dayhoff/home/u5348329/metazoan-mixtures/CAT_PMSF/01_CAT-PMSF_profiles/Nosenko2013/Nosenko2013.nonribosomal_9187_smatrix.PMSF_Phylobayes_CAT-POISSON.PORI.tracecomp.contdiff","/mnt/data/dayhoff/home/u5348329/metazoan-mixtures/phylobayes/phylobayes-4.1e/data/readpb -ss -x 500 10 /mnt/data/dayhoff/home/u5348329/metazoan-mixtures/CAT_PMSF/01_CAT-PMSF_profiles/Nosenko2013/Nosenko2013.nonribosomal_9187_smatrix.PMSF_Phylobayes_CAT-POISSON.PORI.chain1","/mnt/data/dayhoff/home/u5348329/metazoan-mixtures/phylobayes/phylobayes-4.1e/data/readpb -ss -x 500 10 /mnt/data/dayhoff/home/u5348329/metazoan-mixtures/CAT_PMSF/01_CAT-PMSF_profiles/Nosenko2013/Nosenko2013.nonribosomal_9187_smatrix.PMSF_Phylobayes_CAT-POISSON.PORI.chain2","Nosenko2013.nonribosomal_9187_smatrix.PMSF_Phylobayes_CAT-POISSON.PORI.chain1.siteprofiles","Nosenko2013.nonribosomal_9187_smatrix.PMSF_Phylobayes_CAT-POISSON.PORI.chain2.siteprofiles","python3 /mnt/data/dayhoff/home/u5348329/metazoan-mixtures/drenal_cat-pmsf-paper/scripts/convert-site-dists.py /mnt/data/dayhoff/home/u5348329/metazoan-mixtures/CAT_PMSF/01_CAT-PMSF_profiles/Nosenko2013/Nosenko2013.nonribosomal_9187_smatrix.PMSF_Phylobayes_CAT-POISSON.PORI.chain1.siteprofiles","python3 /mnt/data/dayhoff/home/u5348329/metazoan-mixtures/drenal_cat-pmsf-paper/scripts/convert-site-dists.py /mnt/data/dayhoff/home/u5348329/metazoan-mixtures/CAT_PMSF/01_CAT-PMSF_profiles/Nosenko2013/Nosenko2013.nonribosomal_9187_smatrix.PMSF_Phylobayes_CAT-POISSON.PORI.chain2.siteprofiles","Nosenko2013.nonribosomal_9187_smatrix.PMSF_Phylobayes_CAT-POISSON.PORI.chain1.sitefreq","Nosenko2013.nonribosomal_9187_smatrix.PMSF_Phylobayes_CAT-POISSON.PORI.chain2.sitefreq"
"15","Nosenko2013","ribosomal_14615_smatrix","Nosenko2013.ribosomal_14615_smatrix.aa.alignment.phy","CTEN","Nosenko2013.ribosomal_14615_smatrix.LG_C60.ML_H1.treefile","Nosenko2013.ribosomal_14615_smatrix.PMSF_Phylobayes_CAT-POISSON.CTEN","/mnt/data/dayhoff/home/u5348329/metazoan-mixtures/CAT_PMSF/01_CAT-PMSF_profiles/Nosenko2013/","mkdir -p /mnt/data/dayhoff/home/u5348329/metazoan-mixtures/CAT_PMSF/01_CAT-PMSF_profiles/Nosenko2013/","/mnt/data/dayhoff/home/u5348329/metazoan-mixtures/phylobayes/phylobayes-4.1e/data/pb -s /mnt/data/dayhoff/home/u5348329/metazoan-mixtures/data_all/Nosenko2013.ribosomal_14615_smatrix.aa.alignment.phy -T /mnt/data/dayhoff/home/u5348329/metazoan-mixtures/hypothesis_trees/CXX/Nosenko2013.ribosomal_14615_smatrix.LG_C60.ML_H1.treefile -cat -poisson Nosenko2013.ribosomal_14615_smatrix.PMSF_Phylobayes_CAT-POISSON.CTEN.chain1","/mnt/data/dayhoff/home/u5348329/metazoan-mixtures/phylobayes/phylobayes-4.1e/data/pb -s /mnt/data/dayhoff/home/u5348329/metazoan-mixtures/data_all/Nosenko2013.ribosomal_14615_smatrix.aa.alignment.phy -T /mnt/data/dayhoff/home/u5348329/metazoan-mixtures/hypothesis_trees/CXX/Nosenko2013.ribosomal_14615_smatrix.LG_C60.ML_H1.treefile -cat -poisson Nosenko2013.ribosomal_14615_smatrix.PMSF_Phylobayes_CAT-POISSON.CTEN.chain2","/mnt/data/dayhoff/home/u5348329/metazoan-mixtures/phylobayes/phylobayes-4.1e/data/tracecomp -x 500 /mnt/data/dayhoff/home/u5348329/metazoan-mixtures/CAT_PMSF/01_CAT-PMSF_profiles/Nosenko2013/Nosenko2013.ribosomal_14615_smatrix.PMSF_Phylobayes_CAT-POISSON.CTEN.chain1 /mnt/data/dayhoff/home/u5348329/metazoan-mixtures/CAT_PMSF/01_CAT-PMSF_profiles/Nosenko2013/Nosenko2013.ribosomal_14615_smatrix.PMSF_Phylobayes_CAT-POISSON.CTEN.chain2","mv /mnt/data/dayhoff/home/u5348329/metazoan-mixtures/CAT_PMSF/01_CAT-PMSF_profiles/Nosenko2013/tracecomp.contdiff /mnt/data/dayhoff/home/u5348329/metazoan-mixtures/CAT_PMSF/01_CAT-PMSF_profiles/Nosenko2013/Nosenko2013.ribosomal_14615_smatrix.PMSF_Phylobayes_CAT-POISSON.CTEN.tracecomp.contdiff","/mnt/data/dayhoff/home/u5348329/metazoan-mixtures/phylobayes/phylobayes-4.1e/data/readpb -ss -x 500 10 /mnt/data/dayhoff/home/u5348329/metazoan-mixtures/CAT_PMSF/01_CAT-PMSF_profiles/Nosenko2013/Nosenko2013.ribosomal_14615_smatrix.PMSF_Phylobayes_CAT-POISSON.CTEN.chain1","/mnt/data/dayhoff/home/u5348329/metazoan-mixtures/phylobayes/phylobayes-4.1e/data/readpb -ss -x 500 10 /mnt/data/dayhoff/home/u5348329/metazoan-mixtures/CAT_PMSF/01_CAT-PMSF_profiles/Nosenko2013/Nosenko2013.ribosomal_14615_smatrix.PMSF_Phylobayes_CAT-POISSON.CTEN.chain2","Nosenko2013.ribosomal_14615_smatrix.PMSF_Phylobayes_CAT-POISSON.CTEN.chain1.siteprofiles","Nosenko2013.ribosomal_14615_smatrix.PMSF_Phylobayes_CAT-POISSON.CTEN.chain2.siteprofiles","python3 /mnt/data/dayhoff/home/u5348329/metazoan-mixtures/drenal_cat-pmsf-paper/scripts/convert-site-dists.py /mnt/data/dayhoff/home/u5348329/metazoan-mixtures/CAT_PMSF/01_CAT-PMSF_profiles/Nosenko2013/Nosenko2013.ribosomal_14615_smatrix.PMSF_Phylobayes_CAT-POISSON.CTEN.chain1.siteprofiles","python3 /mnt/data/dayhoff/home/u5348329/metazoan-mixtures/drenal_cat-pmsf-paper/scripts/convert-site-dists.py /mnt/data/dayhoff/home/u5348329/metazoan-mixtures/CAT_PMSF/01_CAT-PMSF_profiles/Nosenko2013/Nosenko2013.ribosomal_14615_smatrix.PMSF_Phylobayes_CAT-POISSON.CTEN.chain2.siteprofiles","Nosenko2013.ribosomal_14615_smatrix.PMSF_Phylobayes_CAT-POISSON.CTEN.chain1.sitefreq","Nosenko2013.ribosomal_14615_smatrix.PMSF_Phylobayes_CAT-POISSON.CTEN.chain2.sitefreq"
"16","Nosenko2013","ribosomal_14615_smatrix","Nosenko2013.ribosomal_14615_smatrix.aa.alignment.phy","PORI","Nosenko2013.ribosomal_14615_smatrix.LG_C60.ML_H2.treefile","Nosenko2013.ribosomal_14615_smatrix.PMSF_Phylobayes_CAT-POISSON.PORI","/mnt/data/dayhoff/home/u5348329/metazoan-mixtures/CAT_PMSF/01_CAT-PMSF_profiles/Nosenko2013/","mkdir -p /mnt/data/dayhoff/home/u5348329/metazoan-mixtures/CAT_PMSF/01_CAT-PMSF_profiles/Nosenko2013/","/mnt/data/dayhoff/home/u5348329/metazoan-mixtures/phylobayes/phylobayes-4.1e/data/pb -s /mnt/data/dayhoff/home/u5348329/metazoan-mixtures/data_all/Nosenko2013.ribosomal_14615_smatrix.aa.alignment.phy -T /mnt/data/dayhoff/home/u5348329/metazoan-mixtures/hypothesis_trees/CXX/Nosenko2013.ribosomal_14615_smatrix.LG_C60.ML_H2.treefile -cat -poisson Nosenko2013.ribosomal_14615_smatrix.PMSF_Phylobayes_CAT-POISSON.PORI.chain1","/mnt/data/dayhoff/home/u5348329/metazoan-mixtures/phylobayes/phylobayes-4.1e/data/pb -s /mnt/data/dayhoff/home/u5348329/metazoan-mixtures/data_all/Nosenko2013.ribosomal_14615_smatrix.aa.alignment.phy -T /mnt/data/dayhoff/home/u5348329/metazoan-mixtures/hypothesis_trees/CXX/Nosenko2013.ribosomal_14615_smatrix.LG_C60.ML_H2.treefile -cat -poisson Nosenko2013.ribosomal_14615_smatrix.PMSF_Phylobayes_CAT-POISSON.PORI.chain2","/mnt/data/dayhoff/home/u5348329/metazoan-mixtures/phylobayes/phylobayes-4.1e/data/tracecomp -x 500 /mnt/data/dayhoff/home/u5348329/metazoan-mixtures/CAT_PMSF/01_CAT-PMSF_profiles/Nosenko2013/Nosenko2013.ribosomal_14615_smatrix.PMSF_Phylobayes_CAT-POISSON.PORI.chain1 /mnt/data/dayhoff/home/u5348329/metazoan-mixtures/CAT_PMSF/01_CAT-PMSF_profiles/Nosenko2013/Nosenko2013.ribosomal_14615_smatrix.PMSF_Phylobayes_CAT-POISSON.PORI.chain2","mv /mnt/data/dayhoff/home/u5348329/metazoan-mixtures/CAT_PMSF/01_CAT-PMSF_profiles/Nosenko2013/tracecomp.contdiff /mnt/data/dayhoff/home/u5348329/metazoan-mixtures/CAT_PMSF/01_CAT-PMSF_profiles/Nosenko2013/Nosenko2013.ribosomal_14615_smatrix.PMSF_Phylobayes_CAT-POISSON.PORI.tracecomp.contdiff","/mnt/data/dayhoff/home/u5348329/metazoan-mixtures/phylobayes/phylobayes-4.1e/data/readpb -ss -x 500 10 /mnt/data/dayhoff/home/u5348329/metazoan-mixtures/CAT_PMSF/01_CAT-PMSF_profiles/Nosenko2013/Nosenko2013.ribosomal_14615_smatrix.PMSF_Phylobayes_CAT-POISSON.PORI.chain1","/mnt/data/dayhoff/home/u5348329/metazoan-mixtures/phylobayes/phylobayes-4.1e/data/readpb -ss -x 500 10 /mnt/data/dayhoff/home/u5348329/metazoan-mixtures/CAT_PMSF/01_CAT-PMSF_profiles/Nosenko2013/Nosenko2013.ribosomal_14615_smatrix.PMSF_Phylobayes_CAT-POISSON.PORI.chain2","Nosenko2013.ribosomal_14615_smatrix.PMSF_Phylobayes_CAT-POISSON.PORI.chain1.siteprofiles","Nosenko2013.ribosomal_14615_smatrix.PMSF_Phylobayes_CAT-POISSON.PORI.chain2.siteprofiles","python3 /mnt/data/dayhoff/home/u5348329/metazoan-mixtures/drenal_cat-pmsf-paper/scripts/convert-site-dists.py /mnt/data/dayhoff/home/u5348329/metazoan-mixtures/CAT_PMSF/01_CAT-PMSF_profiles/Nosenko2013/Nosenko2013.ribosomal_14615_smatrix.PMSF_Phylobayes_CAT-POISSON.PORI.chain1.siteprofiles","python3 /mnt/data/dayhoff/home/u5348329/metazoan-mixtures/drenal_cat-pmsf-paper/scripts/convert-site-dists.py /mnt/data/dayhoff/home/u5348329/metazoan-mixtures/CAT_PMSF/01_CAT-PMSF_profiles/Nosenko2013/Nosenko2013.ribosomal_14615_smatrix.PMSF_Phylobayes_CAT-POISSON.PORI.chain2.siteprofiles","Nosenko2013.ribosomal_14615_smatrix.PMSF_Phylobayes_CAT-POISSON.PORI.chain1.sitefreq","Nosenko2013.ribosomal_14615_smatrix.PMSF_Phylobayes_CAT-POISSON.PORI.chain2.sitefreq"
"17","Philippe2009","Philippe_etal_superalignment_FixedNames","Philippe2009.Philippe_etal_superalignment_FixedNames.aa.alignment.nex","CTEN","Philippe2009.Philippe_etal_superalignment_FixedNames.LG_C60.ML_H1.treefile","Philippe2009.Philippe_etal_superalignment_FixedNames.PMSF_Phylobayes_CAT-POISSON.CTEN","/mnt/data/dayhoff/home/u5348329/metazoan-mixtures/CAT_PMSF/01_CAT-PMSF_profiles/Philippe2009/","mkdir -p /mnt/data/dayhoff/home/u5348329/metazoan-mixtures/CAT_PMSF/01_CAT-PMSF_profiles/Philippe2009/","/mnt/data/dayhoff/home/u5348329/metazoan-mixtures/phylobayes/phylobayes-4.1e/data/pb -s /mnt/data/dayhoff/home/u5348329/metazoan-mixtures/data_all/Philippe2009.Philippe_etal_superalignment_FixedNames.aa.alignment.nex -T /mnt/data/dayhoff/home/u5348329/metazoan-mixtures/hypothesis_trees/CXX/Philippe2009.Philippe_etal_superalignment_FixedNames.LG_C60.ML_H1.treefile -cat -poisson Philippe2009.Philippe_etal_superalignment_FixedNames.PMSF_Phylobayes_CAT-POISSON.CTEN.chain1","/mnt/data/dayhoff/home/u5348329/metazoan-mixtures/phylobayes/phylobayes-4.1e/data/pb -s /mnt/data/dayhoff/home/u5348329/metazoan-mixtures/data_all/Philippe2009.Philippe_etal_superalignment_FixedNames.aa.alignment.nex -T /mnt/data/dayhoff/home/u5348329/metazoan-mixtures/hypothesis_trees/CXX/Philippe2009.Philippe_etal_superalignment_FixedNames.LG_C60.ML_H1.treefile -cat -poisson Philippe2009.Philippe_etal_superalignment_FixedNames.PMSF_Phylobayes_CAT-POISSON.CTEN.chain2","/mnt/data/dayhoff/home/u5348329/metazoan-mixtures/phylobayes/phylobayes-4.1e/data/tracecomp -x 500 /mnt/data/dayhoff/home/u5348329/metazoan-mixtures/CAT_PMSF/01_CAT-PMSF_profiles/Philippe2009/Philippe2009.Philippe_etal_superalignment_FixedNames.PMSF_Phylobayes_CAT-POISSON.CTEN.chain1 /mnt/data/dayhoff/home/u5348329/metazoan-mixtures/CAT_PMSF/01_CAT-PMSF_profiles/Philippe2009/Philippe2009.Philippe_etal_superalignment_FixedNames.PMSF_Phylobayes_CAT-POISSON.CTEN.chain2","mv /mnt/data/dayhoff/home/u5348329/metazoan-mixtures/CAT_PMSF/01_CAT-PMSF_profiles/Philippe2009/tracecomp.contdiff /mnt/data/dayhoff/home/u5348329/metazoan-mixtures/CAT_PMSF/01_CAT-PMSF_profiles/Philippe2009/Philippe2009.Philippe_etal_superalignment_FixedNames.PMSF_Phylobayes_CAT-POISSON.CTEN.tracecomp.contdiff","/mnt/data/dayhoff/home/u5348329/metazoan-mixtures/phylobayes/phylobayes-4.1e/data/readpb -ss -x 500 10 /mnt/data/dayhoff/home/u5348329/metazoan-mixtures/CAT_PMSF/01_CAT-PMSF_profiles/Philippe2009/Philippe2009.Philippe_etal_superalignment_FixedNames.PMSF_Phylobayes_CAT-POISSON.CTEN.chain1","/mnt/data/dayhoff/home/u5348329/metazoan-mixtures/phylobayes/phylobayes-4.1e/data/readpb -ss -x 500 10 /mnt/data/dayhoff/home/u5348329/metazoan-mixtures/CAT_PMSF/01_CAT-PMSF_profiles/Philippe2009/Philippe2009.Philippe_etal_superalignment_FixedNames.PMSF_Phylobayes_CAT-POISSON.CTEN.chain2","Philippe2009.Philippe_etal_superalignment_FixedNames.PMSF_Phylobayes_CAT-POISSON.CTEN.chain1.siteprofiles","Philippe2009.Philippe_etal_superalignment_FixedNames.PMSF_Phylobayes_CAT-POISSON.CTEN.chain2.siteprofiles","python3 /mnt/data/dayhoff/home/u5348329/metazoan-mixtures/drenal_cat-pmsf-paper/scripts/convert-site-dists.py /mnt/data/dayhoff/home/u5348329/metazoan-mixtures/CAT_PMSF/01_CAT-PMSF_profiles/Philippe2009/Philippe2009.Philippe_etal_superalignment_FixedNames.PMSF_Phylobayes_CAT-POISSON.CTEN.chain1.siteprofiles","python3 /mnt/data/dayhoff/home/u5348329/metazoan-mixtures/drenal_cat-pmsf-paper/scripts/convert-site-dists.py /mnt/data/dayhoff/home/u5348329/metazoan-mixtures/CAT_PMSF/01_CAT-PMSF_profiles/Philippe2009/Philippe2009.Philippe_etal_superalignment_FixedNames.PMSF_Phylobayes_CAT-POISSON.CTEN.chain2.siteprofiles","Philippe2009.Philippe_etal_superalignment_FixedNames.PMSF_Phylobayes_CAT-POISSON.CTEN.chain1.sitefreq","Philippe2009.Philippe_etal_superalignment_FixedNames.PMSF_Phylobayes_CAT-POISSON.CTEN.chain2.sitefreq"
"18","Philippe2009","Philippe_etal_superalignment_FixedNames","Philippe2009.Philippe_etal_superalignment_FixedNames.aa.alignment.nex","PORI","Philippe2009.Philippe_etal_superalignment_FixedNames.LG_C60.ML_H2.treefile","Philippe2009.Philippe_etal_superalignment_FixedNames.PMSF_Phylobayes_CAT-POISSON.PORI","/mnt/data/dayhoff/home/u5348329/metazoan-mixtures/CAT_PMSF/01_CAT-PMSF_profiles/Philippe2009/","mkdir -p /mnt/data/dayhoff/home/u5348329/metazoan-mixtures/CAT_PMSF/01_CAT-PMSF_profiles/Philippe2009/","/mnt/data/dayhoff/home/u5348329/metazoan-mixtures/phylobayes/phylobayes-4.1e/data/pb -s /mnt/data/dayhoff/home/u5348329/metazoan-mixtures/data_all/Philippe2009.Philippe_etal_superalignment_FixedNames.aa.alignment.nex -T /mnt/data/dayhoff/home/u5348329/metazoan-mixtures/hypothesis_trees/CXX/Philippe2009.Philippe_etal_superalignment_FixedNames.LG_C60.ML_H2.treefile -cat -poisson Philippe2009.Philippe_etal_superalignment_FixedNames.PMSF_Phylobayes_CAT-POISSON.PORI.chain1","/mnt/data/dayhoff/home/u5348329/metazoan-mixtures/phylobayes/phylobayes-4.1e/data/pb -s /mnt/data/dayhoff/home/u5348329/metazoan-mixtures/data_all/Philippe2009.Philippe_etal_superalignment_FixedNames.aa.alignment.nex -T /mnt/data/dayhoff/home/u5348329/metazoan-mixtures/hypothesis_trees/CXX/Philippe2009.Philippe_etal_superalignment_FixedNames.LG_C60.ML_H2.treefile -cat -poisson Philippe2009.Philippe_etal_superalignment_FixedNames.PMSF_Phylobayes_CAT-POISSON.PORI.chain2","/mnt/data/dayhoff/home/u5348329/metazoan-mixtures/phylobayes/phylobayes-4.1e/data/tracecomp -x 500 /mnt/data/dayhoff/home/u5348329/metazoan-mixtures/CAT_PMSF/01_CAT-PMSF_profiles/Philippe2009/Philippe2009.Philippe_etal_superalignment_FixedNames.PMSF_Phylobayes_CAT-POISSON.PORI.chain1 /mnt/data/dayhoff/home/u5348329/metazoan-mixtures/CAT_PMSF/01_CAT-PMSF_profiles/Philippe2009/Philippe2009.Philippe_etal_superalignment_FixedNames.PMSF_Phylobayes_CAT-POISSON.PORI.chain2","mv /mnt/data/dayhoff/home/u5348329/metazoan-mixtures/CAT_PMSF/01_CAT-PMSF_profiles/Philippe2009/tracecomp.contdiff /mnt/data/dayhoff/home/u5348329/metazoan-mixtures/CAT_PMSF/01_CAT-PMSF_profiles/Philippe2009/Philippe2009.Philippe_etal_superalignment_FixedNames.PMSF_Phylobayes_CAT-POISSON.PORI.tracecomp.contdiff","/mnt/data/dayhoff/home/u5348329/metazoan-mixtures/phylobayes/phylobayes-4.1e/data/readpb -ss -x 500 10 /mnt/data/dayhoff/home/u5348329/metazoan-mixtures/CAT_PMSF/01_CAT-PMSF_profiles/Philippe2009/Philippe2009.Philippe_etal_superalignment_FixedNames.PMSF_Phylobayes_CAT-POISSON.PORI.chain1","/mnt/data/dayhoff/home/u5348329/metazoan-mixtures/phylobayes/phylobayes-4.1e/data/readpb -ss -x 500 10 /mnt/data/dayhoff/home/u5348329/metazoan-mixtures/CAT_PMSF/01_CAT-PMSF_profiles/Philippe2009/Philippe2009.Philippe_etal_superalignment_FixedNames.PMSF_Phylobayes_CAT-POISSON.PORI.chain2","Philippe2009.Philippe_etal_superalignment_FixedNames.PMSF_Phylobayes_CAT-POISSON.PORI.chain1.siteprofiles","Philippe2009.Philippe_etal_superalignment_FixedNames.PMSF_Phylobayes_CAT-POISSON.PORI.chain2.siteprofiles","python3 /mnt/data/dayhoff/home/u5348329/metazoan-mixtures/drenal_cat-pmsf-paper/scripts/convert-site-dists.py /mnt/data/dayhoff/home/u5348329/metazoan-mixtures/CAT_PMSF/01_CAT-PMSF_profiles/Philippe2009/Philippe2009.Philippe_etal_superalignment_FixedNames.PMSF_Phylobayes_CAT-POISSON.PORI.chain1.siteprofiles","python3 /mnt/data/dayhoff/home/u5348329/metazoan-mixtures/drenal_cat-pmsf-paper/scripts/convert-site-dists.py /mnt/data/dayhoff/home/u5348329/metazoan-mixtures/CAT_PMSF/01_CAT-PMSF_profiles/Philippe2009/Philippe2009.Philippe_etal_superalignment_FixedNames.PMSF_Phylobayes_CAT-POISSON.PORI.chain2.siteprofiles","Philippe2009.Philippe_etal_superalignment_FixedNames.PMSF_Phylobayes_CAT-POISSON.PORI.chain1.sitefreq","Philippe2009.Philippe_etal_superalignment_FixedNames.PMSF_Phylobayes_CAT-POISSON.PORI.chain2.sitefreq"
"19","Philippe2011","UPDUNN_MB_FixedNames","Philippe2011.UPDUNN_MB_FixedNames.aa.alignment.nex","CTEN","Philippe2011.UPDUNN_MB_FixedNames.LG_C60.ML_H1.treefile","Philippe2011.UPDUNN_MB_FixedNames.PMSF_Phylobayes_CAT-POISSON.CTEN","/mnt/data/dayhoff/home/u5348329/metazoan-mixtures/CAT_PMSF/01_CAT-PMSF_profiles/Philippe2011/","mkdir -p /mnt/data/dayhoff/home/u5348329/metazoan-mixtures/CAT_PMSF/01_CAT-PMSF_profiles/Philippe2011/","/mnt/data/dayhoff/home/u5348329/metazoan-mixtures/phylobayes/phylobayes-4.1e/data/pb -s /mnt/data/dayhoff/home/u5348329/metazoan-mixtures/data_all/Philippe2011.UPDUNN_MB_FixedNames.aa.alignment.nex -T /mnt/data/dayhoff/home/u5348329/metazoan-mixtures/hypothesis_trees/CXX/Philippe2011.UPDUNN_MB_FixedNames.LG_C60.ML_H1.treefile -cat -poisson Philippe2011.UPDUNN_MB_FixedNames.PMSF_Phylobayes_CAT-POISSON.CTEN.chain1","/mnt/data/dayhoff/home/u5348329/metazoan-mixtures/phylobayes/phylobayes-4.1e/data/pb -s /mnt/data/dayhoff/home/u5348329/metazoan-mixtures/data_all/Philippe2011.UPDUNN_MB_FixedNames.aa.alignment.nex -T /mnt/data/dayhoff/home/u5348329/metazoan-mixtures/hypothesis_trees/CXX/Philippe2011.UPDUNN_MB_FixedNames.LG_C60.ML_H1.treefile -cat -poisson Philippe2011.UPDUNN_MB_FixedNames.PMSF_Phylobayes_CAT-POISSON.CTEN.chain2","/mnt/data/dayhoff/home/u5348329/metazoan-mixtures/phylobayes/phylobayes-4.1e/data/tracecomp -x 500 /mnt/data/dayhoff/home/u5348329/metazoan-mixtures/CAT_PMSF/01_CAT-PMSF_profiles/Philippe2011/Philippe2011.UPDUNN_MB_FixedNames.PMSF_Phylobayes_CAT-POISSON.CTEN.chain1 /mnt/data/dayhoff/home/u5348329/metazoan-mixtures/CAT_PMSF/01_CAT-PMSF_profiles/Philippe2011/Philippe2011.UPDUNN_MB_FixedNames.PMSF_Phylobayes_CAT-POISSON.CTEN.chain2","mv /mnt/data/dayhoff/home/u5348329/metazoan-mixtures/CAT_PMSF/01_CAT-PMSF_profiles/Philippe2011/tracecomp.contdiff /mnt/data/dayhoff/home/u5348329/metazoan-mixtures/CAT_PMSF/01_CAT-PMSF_profiles/Philippe2011/Philippe2011.UPDUNN_MB_FixedNames.PMSF_Phylobayes_CAT-POISSON.CTEN.tracecomp.contdiff","/mnt/data/dayhoff/home/u5348329/metazoan-mixtures/phylobayes/phylobayes-4.1e/data/readpb -ss -x 500 10 /mnt/data/dayhoff/home/u5348329/metazoan-mixtures/CAT_PMSF/01_CAT-PMSF_profiles/Philippe2011/Philippe2011.UPDUNN_MB_FixedNames.PMSF_Phylobayes_CAT-POISSON.CTEN.chain1","/mnt/data/dayhoff/home/u5348329/metazoan-mixtures/phylobayes/phylobayes-4.1e/data/readpb -ss -x 500 10 /mnt/data/dayhoff/home/u5348329/metazoan-mixtures/CAT_PMSF/01_CAT-PMSF_profiles/Philippe2011/Philippe2011.UPDUNN_MB_FixedNames.PMSF_Phylobayes_CAT-POISSON.CTEN.chain2","Philippe2011.UPDUNN_MB_FixedNames.PMSF_Phylobayes_CAT-POISSON.CTEN.chain1.siteprofiles","Philippe2011.UPDUNN_MB_FixedNames.PMSF_Phylobayes_CAT-POISSON.CTEN.chain2.siteprofiles","python3 /mnt/data/dayhoff/home/u5348329/metazoan-mixtures/drenal_cat-pmsf-paper/scripts/convert-site-dists.py /mnt/data/dayhoff/home/u5348329/metazoan-mixtures/CAT_PMSF/01_CAT-PMSF_profiles/Philippe2011/Philippe2011.UPDUNN_MB_FixedNames.PMSF_Phylobayes_CAT-POISSON.CTEN.chain1.siteprofiles","python3 /mnt/data/dayhoff/home/u5348329/metazoan-mixtures/drenal_cat-pmsf-paper/scripts/convert-site-dists.py /mnt/data/dayhoff/home/u5348329/metazoan-mixtures/CAT_PMSF/01_CAT-PMSF_profiles/Philippe2011/Philippe2011.UPDUNN_MB_FixedNames.PMSF_Phylobayes_CAT-POISSON.CTEN.chain2.siteprofiles","Philippe2011.UPDUNN_MB_FixedNames.PMSF_Phylobayes_CAT-POISSON.CTEN.chain1.sitefreq","Philippe2011.UPDUNN_MB_FixedNames.PMSF_Phylobayes_CAT-POISSON.CTEN.chain2.sitefreq"
"20","Philippe2011","UPDUNN_MB_FixedNames","Philippe2011.UPDUNN_MB_FixedNames.aa.alignment.nex","PORI","Philippe2011.UPDUNN_MB_FixedNames.LG_C60.ML_H2.treefile","Philippe2011.UPDUNN_MB_FixedNames.PMSF_Phylobayes_CAT-POISSON.PORI","/mnt/data/dayhoff/home/u5348329/metazoan-mixtures/CAT_PMSF/01_CAT-PMSF_profiles/Philippe2011/","mkdir -p /mnt/data/dayhoff/home/u5348329/metazoan-mixtures/CAT_PMSF/01_CAT-PMSF_profiles/Philippe2011/","/mnt/data/dayhoff/home/u5348329/metazoan-mixtures/phylobayes/phylobayes-4.1e/data/pb -s /mnt/data/dayhoff/home/u5348329/metazoan-mixtures/data_all/Philippe2011.UPDUNN_MB_FixedNames.aa.alignment.nex -T /mnt/data/dayhoff/home/u5348329/metazoan-mixtures/hypothesis_trees/CXX/Philippe2011.UPDUNN_MB_FixedNames.LG_C60.ML_H2.treefile -cat -poisson Philippe2011.UPDUNN_MB_FixedNames.PMSF_Phylobayes_CAT-POISSON.PORI.chain1","/mnt/data/dayhoff/home/u5348329/metazoan-mixtures/phylobayes/phylobayes-4.1e/data/pb -s /mnt/data/dayhoff/home/u5348329/metazoan-mixtures/data_all/Philippe2011.UPDUNN_MB_FixedNames.aa.alignment.nex -T /mnt/data/dayhoff/home/u5348329/metazoan-mixtures/hypothesis_trees/CXX/Philippe2011.UPDUNN_MB_FixedNames.LG_C60.ML_H2.treefile -cat -poisson Philippe2011.UPDUNN_MB_FixedNames.PMSF_Phylobayes_CAT-POISSON.PORI.chain2","/mnt/data/dayhoff/home/u5348329/metazoan-mixtures/phylobayes/phylobayes-4.1e/data/tracecomp -x 500 /mnt/data/dayhoff/home/u5348329/metazoan-mixtures/CAT_PMSF/01_CAT-PMSF_profiles/Philippe2011/Philippe2011.UPDUNN_MB_FixedNames.PMSF_Phylobayes_CAT-POISSON.PORI.chain1 /mnt/data/dayhoff/home/u5348329/metazoan-mixtures/CAT_PMSF/01_CAT-PMSF_profiles/Philippe2011/Philippe2011.UPDUNN_MB_FixedNames.PMSF_Phylobayes_CAT-POISSON.PORI.chain2","mv /mnt/data/dayhoff/home/u5348329/metazoan-mixtures/CAT_PMSF/01_CAT-PMSF_profiles/Philippe2011/tracecomp.contdiff /mnt/data/dayhoff/home/u5348329/metazoan-mixtures/CAT_PMSF/01_CAT-PMSF_profiles/Philippe2011/Philippe2011.UPDUNN_MB_FixedNames.PMSF_Phylobayes_CAT-POISSON.PORI.tracecomp.contdiff","/mnt/data/dayhoff/home/u5348329/metazoan-mixtures/phylobayes/phylobayes-4.1e/data/readpb -ss -x 500 10 /mnt/data/dayhoff/home/u5348329/metazoan-mixtures/CAT_PMSF/01_CAT-PMSF_profiles/Philippe2011/Philippe2011.UPDUNN_MB_FixedNames.PMSF_Phylobayes_CAT-POISSON.PORI.chain1","/mnt/data/dayhoff/home/u5348329/metazoan-mixtures/phylobayes/phylobayes-4.1e/data/readpb -ss -x 500 10 /mnt/data/dayhoff/home/u5348329/metazoan-mixtures/CAT_PMSF/01_CAT-PMSF_profiles/Philippe2011/Philippe2011.UPDUNN_MB_FixedNames.PMSF_Phylobayes_CAT-POISSON.PORI.chain2","Philippe2011.UPDUNN_MB_FixedNames.PMSF_Phylobayes_CAT-POISSON.PORI.chain1.siteprofiles","Philippe2011.UPDUNN_MB_FixedNames.PMSF_Phylobayes_CAT-POISSON.PORI.chain2.siteprofiles","python3 /mnt/data/dayhoff/home/u5348329/metazoan-mixtures/drenal_cat-pmsf-paper/scripts/convert-site-dists.py /mnt/data/dayhoff/home/u5348329/metazoan-mixtures/CAT_PMSF/01_CAT-PMSF_profiles/Philippe2011/Philippe2011.UPDUNN_MB_FixedNames.PMSF_Phylobayes_CAT-POISSON.PORI.chain1.siteprofiles","python3 /mnt/data/dayhoff/home/u5348329/metazoan-mixtures/drenal_cat-pmsf-paper/scripts/convert-site-dists.py /mnt/data/dayhoff/home/u5348329/metazoan-mixtures/CAT_PMSF/01_CAT-PMSF_profiles/Philippe2011/Philippe2011.UPDUNN_MB_FixedNames.PMSF_Phylobayes_CAT-POISSON.PORI.chain2.siteprofiles","Philippe2011.UPDUNN_MB_FixedNames.PMSF_Phylobayes_CAT-POISSON.PORI.chain1.sitefreq","Philippe2011.UPDUNN_MB_FixedNames.PMSF_Phylobayes_CAT-POISSON.PORI.chain2.sitefreq"
"21","Pick2010","Pick2010","Pick2010.Pick2010.aa.alignment.phy","CTEN","Pick2010.Pick2010.LG_C60.ML_H1.treefile","Pick2010.Pick2010.PMSF_Phylobayes_CAT-POISSON.CTEN","/mnt/data/dayhoff/home/u5348329/metazoan-mixtures/CAT_PMSF/01_CAT-PMSF_profiles/Pick2010/","mkdir -p /mnt/data/dayhoff/home/u5348329/metazoan-mixtures/CAT_PMSF/01_CAT-PMSF_profiles/Pick2010/","/mnt/data/dayhoff/home/u5348329/metazoan-mixtures/phylobayes/phylobayes-4.1e/data/pb -s /mnt/data/dayhoff/home/u5348329/metazoan-mixtures/data_all/Pick2010.Pick2010.aa.alignment.phy -T /mnt/data/dayhoff/home/u5348329/metazoan-mixtures/hypothesis_trees/CXX/Pick2010.Pick2010.LG_C60.ML_H1.treefile -cat -poisson Pick2010.Pick2010.PMSF_Phylobayes_CAT-POISSON.CTEN.chain1","/mnt/data/dayhoff/home/u5348329/metazoan-mixtures/phylobayes/phylobayes-4.1e/data/pb -s /mnt/data/dayhoff/home/u5348329/metazoan-mixtures/data_all/Pick2010.Pick2010.aa.alignment.phy -T /mnt/data/dayhoff/home/u5348329/metazoan-mixtures/hypothesis_trees/CXX/Pick2010.Pick2010.LG_C60.ML_H1.treefile -cat -poisson Pick2010.Pick2010.PMSF_Phylobayes_CAT-POISSON.CTEN.chain2","/mnt/data/dayhoff/home/u5348329/metazoan-mixtures/phylobayes/phylobayes-4.1e/data/tracecomp -x 500 /mnt/data/dayhoff/home/u5348329/metazoan-mixtures/CAT_PMSF/01_CAT-PMSF_profiles/Pick2010/Pick2010.Pick2010.PMSF_Phylobayes_CAT-POISSON.CTEN.chain1 /mnt/data/dayhoff/home/u5348329/metazoan-mixtures/CAT_PMSF/01_CAT-PMSF_profiles/Pick2010/Pick2010.Pick2010.PMSF_Phylobayes_CAT-POISSON.CTEN.chain2","mv /mnt/data/dayhoff/home/u5348329/metazoan-mixtures/CAT_PMSF/01_CAT-PMSF_profiles/Pick2010/tracecomp.contdiff /mnt/data/dayhoff/home/u5348329/metazoan-mixtures/CAT_PMSF/01_CAT-PMSF_profiles/Pick2010/Pick2010.Pick2010.PMSF_Phylobayes_CAT-POISSON.CTEN.tracecomp.contdiff","/mnt/data/dayhoff/home/u5348329/metazoan-mixtures/phylobayes/phylobayes-4.1e/data/readpb -ss -x 500 10 /mnt/data/dayhoff/home/u5348329/metazoan-mixtures/CAT_PMSF/01_CAT-PMSF_profiles/Pick2010/Pick2010.Pick2010.PMSF_Phylobayes_CAT-POISSON.CTEN.chain1","/mnt/data/dayhoff/home/u5348329/metazoan-mixtures/phylobayes/phylobayes-4.1e/data/readpb -ss -x 500 10 /mnt/data/dayhoff/home/u5348329/metazoan-mixtures/CAT_PMSF/01_CAT-PMSF_profiles/Pick2010/Pick2010.Pick2010.PMSF_Phylobayes_CAT-POISSON.CTEN.chain2","Pick2010.Pick2010.PMSF_Phylobayes_CAT-POISSON.CTEN.chain1.siteprofiles","Pick2010.Pick2010.PMSF_Phylobayes_CAT-POISSON.CTEN.chain2.siteprofiles","python3 /mnt/data/dayhoff/home/u5348329/metazoan-mixtures/drenal_cat-pmsf-paper/scripts/convert-site-dists.py /mnt/data/dayhoff/home/u5348329/metazoan-mixtures/CAT_PMSF/01_CAT-PMSF_profiles/Pick2010/Pick2010.Pick2010.PMSF_Phylobayes_CAT-POISSON.CTEN.chain1.siteprofiles","python3 /mnt/data/dayhoff/home/u5348329/metazoan-mixtures/drenal_cat-pmsf-paper/scripts/convert-site-dists.py /mnt/data/dayhoff/home/u5348329/metazoan-mixtures/CAT_PMSF/01_CAT-PMSF_profiles/Pick2010/Pick2010.Pick2010.PMSF_Phylobayes_CAT-POISSON.CTEN.chain2.siteprofiles","Pick2010.Pick2010.PMSF_Phylobayes_CAT-POISSON.CTEN.chain1.sitefreq","Pick2010.Pick2010.PMSF_Phylobayes_CAT-POISSON.CTEN.chain2.sitefreq"
"22","Pick2010","Pick2010","Pick2010.Pick2010.aa.alignment.phy","PORI","Pick2010.Pick2010.LG_C60.ML_H2.treefile","Pick2010.Pick2010.PMSF_Phylobayes_CAT-POISSON.PORI","/mnt/data/dayhoff/home/u5348329/metazoan-mixtures/CAT_PMSF/01_CAT-PMSF_profiles/Pick2010/","mkdir -p /mnt/data/dayhoff/home/u5348329/metazoan-mixtures/CAT_PMSF/01_CAT-PMSF_profiles/Pick2010/","/mnt/data/dayhoff/home/u5348329/metazoan-mixtures/phylobayes/phylobayes-4.1e/data/pb -s /mnt/data/dayhoff/home/u5348329/metazoan-mixtures/data_all/Pick2010.Pick2010.aa.alignment.phy -T /mnt/data/dayhoff/home/u5348329/metazoan-mixtures/hypothesis_trees/CXX/Pick2010.Pick2010.LG_C60.ML_H2.treefile -cat -poisson Pick2010.Pick2010.PMSF_Phylobayes_CAT-POISSON.PORI.chain1","/mnt/data/dayhoff/home/u5348329/metazoan-mixtures/phylobayes/phylobayes-4.1e/data/pb -s /mnt/data/dayhoff/home/u5348329/metazoan-mixtures/data_all/Pick2010.Pick2010.aa.alignment.phy -T /mnt/data/dayhoff/home/u5348329/metazoan-mixtures/hypothesis_trees/CXX/Pick2010.Pick2010.LG_C60.ML_H2.treefile -cat -poisson Pick2010.Pick2010.PMSF_Phylobayes_CAT-POISSON.PORI.chain2","/mnt/data/dayhoff/home/u5348329/metazoan-mixtures/phylobayes/phylobayes-4.1e/data/tracecomp -x 500 /mnt/data/dayhoff/home/u5348329/metazoan-mixtures/CAT_PMSF/01_CAT-PMSF_profiles/Pick2010/Pick2010.Pick2010.PMSF_Phylobayes_CAT-POISSON.PORI.chain1 /mnt/data/dayhoff/home/u5348329/metazoan-mixtures/CAT_PMSF/01_CAT-PMSF_profiles/Pick2010/Pick2010.Pick2010.PMSF_Phylobayes_CAT-POISSON.PORI.chain2","mv /mnt/data/dayhoff/home/u5348329/metazoan-mixtures/CAT_PMSF/01_CAT-PMSF_profiles/Pick2010/tracecomp.contdiff /mnt/data/dayhoff/home/u5348329/metazoan-mixtures/CAT_PMSF/01_CAT-PMSF_profiles/Pick2010/Pick2010.Pick2010.PMSF_Phylobayes_CAT-POISSON.PORI.tracecomp.contdiff","/mnt/data/dayhoff/home/u5348329/metazoan-mixtures/phylobayes/phylobayes-4.1e/data/readpb -ss -x 500 10 /mnt/data/dayhoff/home/u5348329/metazoan-mixtures/CAT_PMSF/01_CAT-PMSF_profiles/Pick2010/Pick2010.Pick2010.PMSF_Phylobayes_CAT-POISSON.PORI.chain1","/mnt/data/dayhoff/home/u5348329/metazoan-mixtures/phylobayes/phylobayes-4.1e/data/readpb -ss -x 500 10 /mnt/data/dayhoff/home/u5348329/metazoan-mixtures/CAT_PMSF/01_CAT-PMSF_profiles/Pick2010/Pick2010.Pick2010.PMSF_Phylobayes_CAT-POISSON.PORI.chain2","Pick2010.Pick2010.PMSF_Phylobayes_CAT-POISSON.PORI.chain1.siteprofiles","Pick2010.Pick2010.PMSF_Phylobayes_CAT-POISSON.PORI.chain2.siteprofiles","python3 /mnt/data/dayhoff/home/u5348329/metazoan-mixtures/drenal_cat-pmsf-paper/scripts/convert-site-dists.py /mnt/data/dayhoff/home/u5348329/metazoan-mixtures/CAT_PMSF/01_CAT-PMSF_profiles/Pick2010/Pick2010.Pick2010.PMSF_Phylobayes_CAT-POISSON.PORI.chain1.siteprofiles","python3 /mnt/data/dayhoff/home/u5348329/metazoan-mixtures/drenal_cat-pmsf-paper/scripts/convert-site-dists.py /mnt/data/dayhoff/home/u5348329/metazoan-mixtures/CAT_PMSF/01_CAT-PMSF_profiles/Pick2010/Pick2010.Pick2010.PMSF_Phylobayes_CAT-POISSON.PORI.chain2.siteprofiles","Pick2010.Pick2010.PMSF_Phylobayes_CAT-POISSON.PORI.chain1.sitefreq","Pick2010.Pick2010.PMSF_Phylobayes_CAT-POISSON.PORI.chain2.sitefreq"
"23","Ryan2013","REA_EST_includingXenoturbella","Ryan2013.REA_EST_includingXenoturbella.aa.alignment.fas","CTEN","Ryan2013.REA_EST_includingXenoturbella.LG_C60.ML_H1.treefile","Ryan2013.REA_EST_includingXenoturbella.PMSF_Phylobayes_CAT-POISSON.CTEN","/mnt/data/dayhoff/home/u5348329/metazoan-mixtures/CAT_PMSF/01_CAT-PMSF_profiles/Ryan2013/","mkdir -p /mnt/data/dayhoff/home/u5348329/metazoan-mixtures/CAT_PMSF/01_CAT-PMSF_profiles/Ryan2013/","/mnt/data/dayhoff/home/u5348329/metazoan-mixtures/phylobayes/phylobayes-4.1e/data/pb -s /mnt/data/dayhoff/home/u5348329/metazoan-mixtures/data_all/Ryan2013.REA_EST_includingXenoturbella.aa.alignment.fas -T /mnt/data/dayhoff/home/u5348329/metazoan-mixtures/hypothesis_trees/CXX/Ryan2013.REA_EST_includingXenoturbella.LG_C60.ML_H1.treefile -cat -poisson Ryan2013.REA_EST_includingXenoturbella.PMSF_Phylobayes_CAT-POISSON.CTEN.chain1","/mnt/data/dayhoff/home/u5348329/metazoan-mixtures/phylobayes/phylobayes-4.1e/data/pb -s /mnt/data/dayhoff/home/u5348329/metazoan-mixtures/data_all/Ryan2013.REA_EST_includingXenoturbella.aa.alignment.fas -T /mnt/data/dayhoff/home/u5348329/metazoan-mixtures/hypothesis_trees/CXX/Ryan2013.REA_EST_includingXenoturbella.LG_C60.ML_H1.treefile -cat -poisson Ryan2013.REA_EST_includingXenoturbella.PMSF_Phylobayes_CAT-POISSON.CTEN.chain2","/mnt/data/dayhoff/home/u5348329/metazoan-mixtures/phylobayes/phylobayes-4.1e/data/tracecomp -x 500 /mnt/data/dayhoff/home/u5348329/metazoan-mixtures/CAT_PMSF/01_CAT-PMSF_profiles/Ryan2013/Ryan2013.REA_EST_includingXenoturbella.PMSF_Phylobayes_CAT-POISSON.CTEN.chain1 /mnt/data/dayhoff/home/u5348329/metazoan-mixtures/CAT_PMSF/01_CAT-PMSF_profiles/Ryan2013/Ryan2013.REA_EST_includingXenoturbella.PMSF_Phylobayes_CAT-POISSON.CTEN.chain2","mv /mnt/data/dayhoff/home/u5348329/metazoan-mixtures/CAT_PMSF/01_CAT-PMSF_profiles/Ryan2013/tracecomp.contdiff /mnt/data/dayhoff/home/u5348329/metazoan-mixtures/CAT_PMSF/01_CAT-PMSF_profiles/Ryan2013/Ryan2013.REA_EST_includingXenoturbella.PMSF_Phylobayes_CAT-POISSON.CTEN.tracecomp.contdiff","/mnt/data/dayhoff/home/u5348329/metazoan-mixtures/phylobayes/phylobayes-4.1e/data/readpb -ss -x 500 10 /mnt/data/dayhoff/home/u5348329/metazoan-mixtures/CAT_PMSF/01_CAT-PMSF_profiles/Ryan2013/Ryan2013.REA_EST_includingXenoturbella.PMSF_Phylobayes_CAT-POISSON.CTEN.chain1","/mnt/data/dayhoff/home/u5348329/metazoan-mixtures/phylobayes/phylobayes-4.1e/data/readpb -ss -x 500 10 /mnt/data/dayhoff/home/u5348329/metazoan-mixtures/CAT_PMSF/01_CAT-PMSF_profiles/Ryan2013/Ryan2013.REA_EST_includingXenoturbella.PMSF_Phylobayes_CAT-POISSON.CTEN.chain2","Ryan2013.REA_EST_includingXenoturbella.PMSF_Phylobayes_CAT-POISSON.CTEN.chain1.siteprofiles","Ryan2013.REA_EST_includingXenoturbella.PMSF_Phylobayes_CAT-POISSON.CTEN.chain2.siteprofiles","python3 /mnt/data/dayhoff/home/u5348329/metazoan-mixtures/drenal_cat-pmsf-paper/scripts/convert-site-dists.py /mnt/data/dayhoff/home/u5348329/metazoan-mixtures/CAT_PMSF/01_CAT-PMSF_profiles/Ryan2013/Ryan2013.REA_EST_includingXenoturbella.PMSF_Phylobayes_CAT-POISSON.CTEN.chain1.siteprofiles","python3 /mnt/data/dayhoff/home/u5348329/metazoan-mixtures/drenal_cat-pmsf-paper/scripts/convert-site-dists.py /mnt/data/dayhoff/home/u5348329/metazoan-mixtures/CAT_PMSF/01_CAT-PMSF_profiles/Ryan2013/Ryan2013.REA_EST_includingXenoturbella.PMSF_Phylobayes_CAT-POISSON.CTEN.chain2.siteprofiles","Ryan2013.REA_EST_includingXenoturbella.PMSF_Phylobayes_CAT-POISSON.CTEN.chain1.sitefreq","Ryan2013.REA_EST_includingXenoturbella.PMSF_Phylobayes_CAT-POISSON.CTEN.chain2.sitefreq"
"24","Ryan2013","REA_EST_includingXenoturbella","Ryan2013.REA_EST_includingXenoturbella.aa.alignment.fas","PORI","Ryan2013.REA_EST_includingXenoturbella.LG_C60.ML_H2.treefile","Ryan2013.REA_EST_includingXenoturbella.PMSF_Phylobayes_CAT-POISSON.PORI","/mnt/data/dayhoff/home/u5348329/metazoan-mixtures/CAT_PMSF/01_CAT-PMSF_profiles/Ryan2013/","mkdir -p /mnt/data/dayhoff/home/u5348329/metazoan-mixtures/CAT_PMSF/01_CAT-PMSF_profiles/Ryan2013/","/mnt/data/dayhoff/home/u5348329/metazoan-mixtures/phylobayes/phylobayes-4.1e/data/pb -s /mnt/data/dayhoff/home/u5348329/metazoan-mixtures/data_all/Ryan2013.REA_EST_includingXenoturbella.aa.alignment.fas -T /mnt/data/dayhoff/home/u5348329/metazoan-mixtures/hypothesis_trees/CXX/Ryan2013.REA_EST_includingXenoturbella.LG_C60.ML_H2.treefile -cat -poisson Ryan2013.REA_EST_includingXenoturbella.PMSF_Phylobayes_CAT-POISSON.PORI.chain1","/mnt/data/dayhoff/home/u5348329/metazoan-mixtures/phylobayes/phylobayes-4.1e/data/pb -s /mnt/data/dayhoff/home/u5348329/metazoan-mixtures/data_all/Ryan2013.REA_EST_includingXenoturbella.aa.alignment.fas -T /mnt/data/dayhoff/home/u5348329/metazoan-mixtures/hypothesis_trees/CXX/Ryan2013.REA_EST_includingXenoturbella.LG_C60.ML_H2.treefile -cat -poisson Ryan2013.REA_EST_includingXenoturbella.PMSF_Phylobayes_CAT-POISSON.PORI.chain2","/mnt/data/dayhoff/home/u5348329/metazoan-mixtures/phylobayes/phylobayes-4.1e/data/tracecomp -x 500 /mnt/data/dayhoff/home/u5348329/metazoan-mixtures/CAT_PMSF/01_CAT-PMSF_profiles/Ryan2013/Ryan2013.REA_EST_includingXenoturbella.PMSF_Phylobayes_CAT-POISSON.PORI.chain1 /mnt/data/dayhoff/home/u5348329/metazoan-mixtures/CAT_PMSF/01_CAT-PMSF_profiles/Ryan2013/Ryan2013.REA_EST_includingXenoturbella.PMSF_Phylobayes_CAT-POISSON.PORI.chain2","mv /mnt/data/dayhoff/home/u5348329/metazoan-mixtures/CAT_PMSF/01_CAT-PMSF_profiles/Ryan2013/tracecomp.contdiff /mnt/data/dayhoff/home/u5348329/metazoan-mixtures/CAT_PMSF/01_CAT-PMSF_profiles/Ryan2013/Ryan2013.REA_EST_includingXenoturbella.PMSF_Phylobayes_CAT-POISSON.PORI.tracecomp.contdiff","/mnt/data/dayhoff/home/u5348329/metazoan-mixtures/phylobayes/phylobayes-4.1e/data/readpb -ss -x 500 10 /mnt/data/dayhoff/home/u5348329/metazoan-mixtures/CAT_PMSF/01_CAT-PMSF_profiles/Ryan2013/Ryan2013.REA_EST_includingXenoturbella.PMSF_Phylobayes_CAT-POISSON.PORI.chain1","/mnt/data/dayhoff/home/u5348329/metazoan-mixtures/phylobayes/phylobayes-4.1e/data/readpb -ss -x 500 10 /mnt/data/dayhoff/home/u5348329/metazoan-mixtures/CAT_PMSF/01_CAT-PMSF_profiles/Ryan2013/Ryan2013.REA_EST_includingXenoturbella.PMSF_Phylobayes_CAT-POISSON.PORI.chain2","Ryan2013.REA_EST_includingXenoturbella.PMSF_Phylobayes_CAT-POISSON.PORI.chain1.siteprofiles","Ryan2013.REA_EST_includingXenoturbella.PMSF_Phylobayes_CAT-POISSON.PORI.chain2.siteprofiles","python3 /mnt/data/dayhoff/home/u5348329/metazoan-mixtures/drenal_cat-pmsf-paper/scripts/convert-site-dists.py /mnt/data/dayhoff/home/u5348329/metazoan-mixtures/CAT_PMSF/01_CAT-PMSF_profiles/Ryan2013/Ryan2013.REA_EST_includingXenoturbella.PMSF_Phylobayes_CAT-POISSON.PORI.chain1.siteprofiles","python3 /mnt/data/dayhoff/home/u5348329/metazoan-mixtures/drenal_cat-pmsf-paper/scripts/convert-site-dists.py /mnt/data/dayhoff/home/u5348329/metazoan-mixtures/CAT_PMSF/01_CAT-PMSF_profiles/Ryan2013/Ryan2013.REA_EST_includingXenoturbella.PMSF_Phylobayes_CAT-POISSON.PORI.chain2.siteprofiles","Ryan2013.REA_EST_includingXenoturbella.PMSF_Phylobayes_CAT-POISSON.PORI.chain1.sitefreq","Ryan2013.REA_EST_includingXenoturbella.PMSF_Phylobayes_CAT-POISSON.PORI.chain2.sitefreq"
"25","Whelan2015","Dataset10_CertainPruned_LBAtaxa_LBAandHeteroGenesPruned","Whelan2015.Dataset10_CertainPruned_LBAtaxa_LBAandHeteroGenesPruned.aa.alignment.phy","CTEN","Whelan2015.Dataset10_CertainPruned_LBAtaxa_LBAandHeteroGenesPruned.LG_C60.ML_H1.treefile","Whelan2015.Dataset10_CertainPruned_LBAtaxa_LBAandHeteroGenesPruned.PMSF_Phylobayes_CAT-POISSON.CTEN","/mnt/data/dayhoff/home/u5348329/metazoan-mixtures/CAT_PMSF/01_CAT-PMSF_profiles/Whelan2015/","mkdir -p /mnt/data/dayhoff/home/u5348329/metazoan-mixtures/CAT_PMSF/01_CAT-PMSF_profiles/Whelan2015/","/mnt/data/dayhoff/home/u5348329/metazoan-mixtures/phylobayes/phylobayes-4.1e/data/pb -s /mnt/data/dayhoff/home/u5348329/metazoan-mixtures/data_all/Whelan2015.Dataset10_CertainPruned_LBAtaxa_LBAandHeteroGenesPruned.aa.alignment.phy -T /mnt/data/dayhoff/home/u5348329/metazoan-mixtures/hypothesis_trees/CXX/Whelan2015.Dataset10_CertainPruned_LBAtaxa_LBAandHeteroGenesPruned.LG_C60.ML_H1.treefile -cat -poisson Whelan2015.Dataset10_CertainPruned_LBAtaxa_LBAandHeteroGenesPruned.PMSF_Phylobayes_CAT-POISSON.CTEN.chain1","/mnt/data/dayhoff/home/u5348329/metazoan-mixtures/phylobayes/phylobayes-4.1e/data/pb -s /mnt/data/dayhoff/home/u5348329/metazoan-mixtures/data_all/Whelan2015.Dataset10_CertainPruned_LBAtaxa_LBAandHeteroGenesPruned.aa.alignment.phy -T /mnt/data/dayhoff/home/u5348329/metazoan-mixtures/hypothesis_trees/CXX/Whelan2015.Dataset10_CertainPruned_LBAtaxa_LBAandHeteroGenesPruned.LG_C60.ML_H1.treefile -cat -poisson Whelan2015.Dataset10_CertainPruned_LBAtaxa_LBAandHeteroGenesPruned.PMSF_Phylobayes_CAT-POISSON.CTEN.chain2","/mnt/data/dayhoff/home/u5348329/metazoan-mixtures/phylobayes/phylobayes-4.1e/data/tracecomp -x 500 /mnt/data/dayhoff/home/u5348329/metazoan-mixtures/CAT_PMSF/01_CAT-PMSF_profiles/Whelan2015/Whelan2015.Dataset10_CertainPruned_LBAtaxa_LBAandHeteroGenesPruned.PMSF_Phylobayes_CAT-POISSON.CTEN.chain1 /mnt/data/dayhoff/home/u5348329/metazoan-mixtures/CAT_PMSF/01_CAT-PMSF_profiles/Whelan2015/Whelan2015.Dataset10_CertainPruned_LBAtaxa_LBAandHeteroGenesPruned.PMSF_Phylobayes_CAT-POISSON.CTEN.chain2","mv /mnt/data/dayhoff/home/u5348329/metazoan-mixtures/CAT_PMSF/01_CAT-PMSF_profiles/Whelan2015/tracecomp.contdiff /mnt/data/dayhoff/home/u5348329/metazoan-mixtures/CAT_PMSF/01_CAT-PMSF_profiles/Whelan2015/Whelan2015.Dataset10_CertainPruned_LBAtaxa_LBAandHeteroGenesPruned.PMSF_Phylobayes_CAT-POISSON.CTEN.tracecomp.contdiff","/mnt/data/dayhoff/home/u5348329/metazoan-mixtures/phylobayes/phylobayes-4.1e/data/readpb -ss -x 500 10 /mnt/data/dayhoff/home/u5348329/metazoan-mixtures/CAT_PMSF/01_CAT-PMSF_profiles/Whelan2015/Whelan2015.Dataset10_CertainPruned_LBAtaxa_LBAandHeteroGenesPruned.PMSF_Phylobayes_CAT-POISSON.CTEN.chain1","/mnt/data/dayhoff/home/u5348329/metazoan-mixtures/phylobayes/phylobayes-4.1e/data/readpb -ss -x 500 10 /mnt/data/dayhoff/home/u5348329/metazoan-mixtures/CAT_PMSF/01_CAT-PMSF_profiles/Whelan2015/Whelan2015.Dataset10_CertainPruned_LBAtaxa_LBAandHeteroGenesPruned.PMSF_Phylobayes_CAT-POISSON.CTEN.chain2","Whelan2015.Dataset10_CertainPruned_LBAtaxa_LBAandHeteroGenesPruned.PMSF_Phylobayes_CAT-POISSON.CTEN.chain1.siteprofiles","Whelan2015.Dataset10_CertainPruned_LBAtaxa_LBAandHeteroGenesPruned.PMSF_Phylobayes_CAT-POISSON.CTEN.chain2.siteprofiles","python3 /mnt/data/dayhoff/home/u5348329/metazoan-mixtures/drenal_cat-pmsf-paper/scripts/convert-site-dists.py /mnt/data/dayhoff/home/u5348329/metazoan-mixtures/CAT_PMSF/01_CAT-PMSF_profiles/Whelan2015/Whelan2015.Dataset10_CertainPruned_LBAtaxa_LBAandHeteroGenesPruned.PMSF_Phylobayes_CAT-POISSON.CTEN.chain1.siteprofiles","python3 /mnt/data/dayhoff/home/u5348329/metazoan-mixtures/drenal_cat-pmsf-paper/scripts/convert-site-dists.py /mnt/data/dayhoff/home/u5348329/metazoan-mixtures/CAT_PMSF/01_CAT-PMSF_profiles/Whelan2015/Whelan2015.Dataset10_CertainPruned_LBAtaxa_LBAandHeteroGenesPruned.PMSF_Phylobayes_CAT-POISSON.CTEN.chain2.siteprofiles","Whelan2015.Dataset10_CertainPruned_LBAtaxa_LBAandHeteroGenesPruned.PMSF_Phylobayes_CAT-POISSON.CTEN.chain1.sitefreq","Whelan2015.Dataset10_CertainPruned_LBAtaxa_LBAandHeteroGenesPruned.PMSF_Phylobayes_CAT-POISSON.CTEN.chain2.sitefreq"
"26","Whelan2015","Dataset10_CertainPruned_LBAtaxa_LBAandHeteroGenesPruned","Whelan2015.Dataset10_CertainPruned_LBAtaxa_LBAandHeteroGenesPruned.aa.alignment.phy","PORI","Whelan2015.Dataset10_CertainPruned_LBAtaxa_LBAandHeteroGenesPruned.LG_C60.ML_H2.treefile","Whelan2015.Dataset10_CertainPruned_LBAtaxa_LBAandHeteroGenesPruned.PMSF_Phylobayes_CAT-POISSON.PORI","/mnt/data/dayhoff/home/u5348329/metazoan-mixtures/CAT_PMSF/01_CAT-PMSF_profiles/Whelan2015/","mkdir -p /mnt/data/dayhoff/home/u5348329/metazoan-mixtures/CAT_PMSF/01_CAT-PMSF_profiles/Whelan2015/","/mnt/data/dayhoff/home/u5348329/metazoan-mixtures/phylobayes/phylobayes-4.1e/data/pb -s /mnt/data/dayhoff/home/u5348329/metazoan-mixtures/data_all/Whelan2015.Dataset10_CertainPruned_LBAtaxa_LBAandHeteroGenesPruned.aa.alignment.phy -T /mnt/data/dayhoff/home/u5348329/metazoan-mixtures/hypothesis_trees/CXX/Whelan2015.Dataset10_CertainPruned_LBAtaxa_LBAandHeteroGenesPruned.LG_C60.ML_H2.treefile -cat -poisson Whelan2015.Dataset10_CertainPruned_LBAtaxa_LBAandHeteroGenesPruned.PMSF_Phylobayes_CAT-POISSON.PORI.chain1","/mnt/data/dayhoff/home/u5348329/metazoan-mixtures/phylobayes/phylobayes-4.1e/data/pb -s /mnt/data/dayhoff/home/u5348329/metazoan-mixtures/data_all/Whelan2015.Dataset10_CertainPruned_LBAtaxa_LBAandHeteroGenesPruned.aa.alignment.phy -T /mnt/data/dayhoff/home/u5348329/metazoan-mixtures/hypothesis_trees/CXX/Whelan2015.Dataset10_CertainPruned_LBAtaxa_LBAandHeteroGenesPruned.LG_C60.ML_H2.treefile -cat -poisson Whelan2015.Dataset10_CertainPruned_LBAtaxa_LBAandHeteroGenesPruned.PMSF_Phylobayes_CAT-POISSON.PORI.chain2","/mnt/data/dayhoff/home/u5348329/metazoan-mixtures/phylobayes/phylobayes-4.1e/data/tracecomp -x 500 /mnt/data/dayhoff/home/u5348329/metazoan-mixtures/CAT_PMSF/01_CAT-PMSF_profiles/Whelan2015/Whelan2015.Dataset10_CertainPruned_LBAtaxa_LBAandHeteroGenesPruned.PMSF_Phylobayes_CAT-POISSON.PORI.chain1 /mnt/data/dayhoff/home/u5348329/metazoan-mixtures/CAT_PMSF/01_CAT-PMSF_profiles/Whelan2015/Whelan2015.Dataset10_CertainPruned_LBAtaxa_LBAandHeteroGenesPruned.PMSF_Phylobayes_CAT-POISSON.PORI.chain2","mv /mnt/data/dayhoff/home/u5348329/metazoan-mixtures/CAT_PMSF/01_CAT-PMSF_profiles/Whelan2015/tracecomp.contdiff /mnt/data/dayhoff/home/u5348329/metazoan-mixtures/CAT_PMSF/01_CAT-PMSF_profiles/Whelan2015/Whelan2015.Dataset10_CertainPruned_LBAtaxa_LBAandHeteroGenesPruned.PMSF_Phylobayes_CAT-POISSON.PORI.tracecomp.contdiff","/mnt/data/dayhoff/home/u5348329/metazoan-mixtures/phylobayes/phylobayes-4.1e/data/readpb -ss -x 500 10 /mnt/data/dayhoff/home/u5348329/metazoan-mixtures/CAT_PMSF/01_CAT-PMSF_profiles/Whelan2015/Whelan2015.Dataset10_CertainPruned_LBAtaxa_LBAandHeteroGenesPruned.PMSF_Phylobayes_CAT-POISSON.PORI.chain1","/mnt/data/dayhoff/home/u5348329/metazoan-mixtures/phylobayes/phylobayes-4.1e/data/readpb -ss -x 500 10 /mnt/data/dayhoff/home/u5348329/metazoan-mixtures/CAT_PMSF/01_CAT-PMSF_profiles/Whelan2015/Whelan2015.Dataset10_CertainPruned_LBAtaxa_LBAandHeteroGenesPruned.PMSF_Phylobayes_CAT-POISSON.PORI.chain2","Whelan2015.Dataset10_CertainPruned_LBAtaxa_LBAandHeteroGenesPruned.PMSF_Phylobayes_CAT-POISSON.PORI.chain1.siteprofiles","Whelan2015.Dataset10_CertainPruned_LBAtaxa_LBAandHeteroGenesPruned.PMSF_Phylobayes_CAT-POISSON.PORI.chain2.siteprofiles","python3 /mnt/data/dayhoff/home/u5348329/metazoan-mixtures/drenal_cat-pmsf-paper/scripts/convert-site-dists.py /mnt/data/dayhoff/home/u5348329/metazoan-mixtures/CAT_PMSF/01_CAT-PMSF_profiles/Whelan2015/Whelan2015.Dataset10_CertainPruned_LBAtaxa_LBAandHeteroGenesPruned.PMSF_Phylobayes_CAT-POISSON.PORI.chain1.siteprofiles","python3 /mnt/data/dayhoff/home/u5348329/metazoan-mixtures/drenal_cat-pmsf-paper/scripts/convert-site-dists.py /mnt/data/dayhoff/home/u5348329/metazoan-mixtures/CAT_PMSF/01_CAT-PMSF_profiles/Whelan2015/Whelan2015.Dataset10_CertainPruned_LBAtaxa_LBAandHeteroGenesPruned.PMSF_Phylobayes_CAT-POISSON.PORI.chain2.siteprofiles","Whelan2015.Dataset10_CertainPruned_LBAtaxa_LBAandHeteroGenesPruned.PMSF_Phylobayes_CAT-POISSON.PORI.chain1.sitefreq","Whelan2015.Dataset10_CertainPruned_LBAtaxa_LBAandHeteroGenesPruned.PMSF_Phylobayes_CAT-POISSON.PORI.chain2.sitefreq"
"27","Whelan2017","Metazoa_Choano_RCFV_strict","Whelan2017.Metazoa_Choano_RCFV_strict.aa.alignment.fa","CTEN","Whelan2017.Metazoa_Choano_RCFV_strict.LG_C60.ML_H1.treefile","Whelan2017.Metazoa_Choano_RCFV_strict.PMSF_Phylobayes_CAT-POISSON.CTEN","/mnt/data/dayhoff/home/u5348329/metazoan-mixtures/CAT_PMSF/01_CAT-PMSF_profiles/Whelan2017/","mkdir -p /mnt/data/dayhoff/home/u5348329/metazoan-mixtures/CAT_PMSF/01_CAT-PMSF_profiles/Whelan2017/","/mnt/data/dayhoff/home/u5348329/metazoan-mixtures/phylobayes/phylobayes-4.1e/data/pb -s /mnt/data/dayhoff/home/u5348329/metazoan-mixtures/data_all/Whelan2017.Metazoa_Choano_RCFV_strict.aa.alignment.fa -T /mnt/data/dayhoff/home/u5348329/metazoan-mixtures/hypothesis_trees/CXX/Whelan2017.Metazoa_Choano_RCFV_strict.LG_C60.ML_H1.treefile -cat -poisson Whelan2017.Metazoa_Choano_RCFV_strict.PMSF_Phylobayes_CAT-POISSON.CTEN.chain1","/mnt/data/dayhoff/home/u5348329/metazoan-mixtures/phylobayes/phylobayes-4.1e/data/pb -s /mnt/data/dayhoff/home/u5348329/metazoan-mixtures/data_all/Whelan2017.Metazoa_Choano_RCFV_strict.aa.alignment.fa -T /mnt/data/dayhoff/home/u5348329/metazoan-mixtures/hypothesis_trees/CXX/Whelan2017.Metazoa_Choano_RCFV_strict.LG_C60.ML_H1.treefile -cat -poisson Whelan2017.Metazoa_Choano_RCFV_strict.PMSF_Phylobayes_CAT-POISSON.CTEN.chain2","/mnt/data/dayhoff/home/u5348329/metazoan-mixtures/phylobayes/phylobayes-4.1e/data/tracecomp -x 500 /mnt/data/dayhoff/home/u5348329/metazoan-mixtures/CAT_PMSF/01_CAT-PMSF_profiles/Whelan2017/Whelan2017.Metazoa_Choano_RCFV_strict.PMSF_Phylobayes_CAT-POISSON.CTEN.chain1 /mnt/data/dayhoff/home/u5348329/metazoan-mixtures/CAT_PMSF/01_CAT-PMSF_profiles/Whelan2017/Whelan2017.Metazoa_Choano_RCFV_strict.PMSF_Phylobayes_CAT-POISSON.CTEN.chain2","mv /mnt/data/dayhoff/home/u5348329/metazoan-mixtures/CAT_PMSF/01_CAT-PMSF_profiles/Whelan2017/tracecomp.contdiff /mnt/data/dayhoff/home/u5348329/metazoan-mixtures/CAT_PMSF/01_CAT-PMSF_profiles/Whelan2017/Whelan2017.Metazoa_Choano_RCFV_strict.PMSF_Phylobayes_CAT-POISSON.CTEN.tracecomp.contdiff","/mnt/data/dayhoff/home/u5348329/metazoan-mixtures/phylobayes/phylobayes-4.1e/data/readpb -ss -x 500 10 /mnt/data/dayhoff/home/u5348329/metazoan-mixtures/CAT_PMSF/01_CAT-PMSF_profiles/Whelan2017/Whelan2017.Metazoa_Choano_RCFV_strict.PMSF_Phylobayes_CAT-POISSON.CTEN.chain1","/mnt/data/dayhoff/home/u5348329/metazoan-mixtures/phylobayes/phylobayes-4.1e/data/readpb -ss -x 500 10 /mnt/data/dayhoff/home/u5348329/metazoan-mixtures/CAT_PMSF/01_CAT-PMSF_profiles/Whelan2017/Whelan2017.Metazoa_Choano_RCFV_strict.PMSF_Phylobayes_CAT-POISSON.CTEN.chain2","Whelan2017.Metazoa_Choano_RCFV_strict.PMSF_Phylobayes_CAT-POISSON.CTEN.chain1.siteprofiles","Whelan2017.Metazoa_Choano_RCFV_strict.PMSF_Phylobayes_CAT-POISSON.CTEN.chain2.siteprofiles","python3 /mnt/data/dayhoff/home/u5348329/metazoan-mixtures/drenal_cat-pmsf-paper/scripts/convert-site-dists.py /mnt/data/dayhoff/home/u5348329/metazoan-mixtures/CAT_PMSF/01_CAT-PMSF_profiles/Whelan2017/Whelan2017.Metazoa_Choano_RCFV_strict.PMSF_Phylobayes_CAT-POISSON.CTEN.chain1.siteprofiles","python3 /mnt/data/dayhoff/home/u5348329/metazoan-mixtures/drenal_cat-pmsf-paper/scripts/convert-site-dists.py /mnt/data/dayhoff/home/u5348329/metazoan-mixtures/CAT_PMSF/01_CAT-PMSF_profiles/Whelan2017/Whelan2017.Metazoa_Choano_RCFV_strict.PMSF_Phylobayes_CAT-POISSON.CTEN.chain2.siteprofiles","Whelan2017.Metazoa_Choano_RCFV_strict.PMSF_Phylobayes_CAT-POISSON.CTEN.chain1.sitefreq","Whelan2017.Metazoa_Choano_RCFV_strict.PMSF_Phylobayes_CAT-POISSON.CTEN.chain2.sitefreq"
"28","Whelan2017","Metazoa_Choano_RCFV_strict","Whelan2017.Metazoa_Choano_RCFV_strict.aa.alignment.fa","PORI","Whelan2017.Metazoa_Choano_RCFV_strict.LG_C60.ML_H2.treefile","Whelan2017.Metazoa_Choano_RCFV_strict.PMSF_Phylobayes_CAT-POISSON.PORI","/mnt/data/dayhoff/home/u5348329/metazoan-mixtures/CAT_PMSF/01_CAT-PMSF_profiles/Whelan2017/","mkdir -p /mnt/data/dayhoff/home/u5348329/metazoan-mixtures/CAT_PMSF/01_CAT-PMSF_profiles/Whelan2017/","/mnt/data/dayhoff/home/u5348329/metazoan-mixtures/phylobayes/phylobayes-4.1e/data/pb -s /mnt/data/dayhoff/home/u5348329/metazoan-mixtures/data_all/Whelan2017.Metazoa_Choano_RCFV_strict.aa.alignment.fa -T /mnt/data/dayhoff/home/u5348329/metazoan-mixtures/hypothesis_trees/CXX/Whelan2017.Metazoa_Choano_RCFV_strict.LG_C60.ML_H2.treefile -cat -poisson Whelan2017.Metazoa_Choano_RCFV_strict.PMSF_Phylobayes_CAT-POISSON.PORI.chain1","/mnt/data/dayhoff/home/u5348329/metazoan-mixtures/phylobayes/phylobayes-4.1e/data/pb -s /mnt/data/dayhoff/home/u5348329/metazoan-mixtures/data_all/Whelan2017.Metazoa_Choano_RCFV_strict.aa.alignment.fa -T /mnt/data/dayhoff/home/u5348329/metazoan-mixtures/hypothesis_trees/CXX/Whelan2017.Metazoa_Choano_RCFV_strict.LG_C60.ML_H2.treefile -cat -poisson Whelan2017.Metazoa_Choano_RCFV_strict.PMSF_Phylobayes_CAT-POISSON.PORI.chain2","/mnt/data/dayhoff/home/u5348329/metazoan-mixtures/phylobayes/phylobayes-4.1e/data/tracecomp -x 500 /mnt/data/dayhoff/home/u5348329/metazoan-mixtures/CAT_PMSF/01_CAT-PMSF_profiles/Whelan2017/Whelan2017.Metazoa_Choano_RCFV_strict.PMSF_Phylobayes_CAT-POISSON.PORI.chain1 /mnt/data/dayhoff/home/u5348329/metazoan-mixtures/CAT_PMSF/01_CAT-PMSF_profiles/Whelan2017/Whelan2017.Metazoa_Choano_RCFV_strict.PMSF_Phylobayes_CAT-POISSON.PORI.chain2","mv /mnt/data/dayhoff/home/u5348329/metazoan-mixtures/CAT_PMSF/01_CAT-PMSF_profiles/Whelan2017/tracecomp.contdiff /mnt/data/dayhoff/home/u5348329/metazoan-mixtures/CAT_PMSF/01_CAT-PMSF_profiles/Whelan2017/Whelan2017.Metazoa_Choano_RCFV_strict.PMSF_Phylobayes_CAT-POISSON.PORI.tracecomp.contdiff","/mnt/data/dayhoff/home/u5348329/metazoan-mixtures/phylobayes/phylobayes-4.1e/data/readpb -ss -x 500 10 /mnt/data/dayhoff/home/u5348329/metazoan-mixtures/CAT_PMSF/01_CAT-PMSF_profiles/Whelan2017/Whelan2017.Metazoa_Choano_RCFV_strict.PMSF_Phylobayes_CAT-POISSON.PORI.chain1","/mnt/data/dayhoff/home/u5348329/metazoan-mixtures/phylobayes/phylobayes-4.1e/data/readpb -ss -x 500 10 /mnt/data/dayhoff/home/u5348329/metazoan-mixtures/CAT_PMSF/01_CAT-PMSF_profiles/Whelan2017/Whelan2017.Metazoa_Choano_RCFV_strict.PMSF_Phylobayes_CAT-POISSON.PORI.chain2","Whelan2017.Metazoa_Choano_RCFV_strict.PMSF_Phylobayes_CAT-POISSON.PORI.chain1.siteprofiles","Whelan2017.Metazoa_Choano_RCFV_strict.PMSF_Phylobayes_CAT-POISSON.PORI.chain2.siteprofiles","python3 /mnt/data/dayhoff/home/u5348329/metazoan-mixtures/drenal_cat-pmsf-paper/scripts/convert-site-dists.py /mnt/data/dayhoff/home/u5348329/metazoan-mixtures/CAT_PMSF/01_CAT-PMSF_profiles/Whelan2017/Whelan2017.Metazoa_Choano_RCFV_strict.PMSF_Phylobayes_CAT-POISSON.PORI.chain1.siteprofiles","python3 /mnt/data/dayhoff/home/u5348329/metazoan-mixtures/drenal_cat-pmsf-paper/scripts/convert-site-dists.py /mnt/data/dayhoff/home/u5348329/metazoan-mixtures/CAT_PMSF/01_CAT-PMSF_profiles/Whelan2017/Whelan2017.Metazoa_Choano_RCFV_strict.PMSF_Phylobayes_CAT-POISSON.PORI.chain2.siteprofiles","Whelan2017.Metazoa_Choano_RCFV_strict.PMSF_Phylobayes_CAT-POISSON.PORI.chain1.sitefreq","Whelan2017.Metazoa_Choano_RCFV_strict.PMSF_Phylobayes_CAT-POISSON.PORI.chain2.sitefreq"
